ISO-10303-21;
HEADER;
FILE_DESCRIPTION(('Open CASCADE Model'),'2;1');
FILE_NAME('Open CASCADE Shape Model','2026-09-02T11:33:52',('Author'),(
    'Open CASCADE'),'Open CASCADE STEP processor 7.9','Open CASCADE 7.9'
  ,'Unknown');
FILE_SCHEMA(('AUTOMOTIVE_DESIGN { 1 0 10303 214 1 1 1 1 }'));
ENDSEC;
DATA;
#1 = APPLICATION_PROTOCOL_DEFINITION('international standard',
  'automotive_design',2000,#2);
#2 = APPLICATION_CONTEXT(
  'core data for automotive mechanical design processes');
#3 = SHAPE_DEFINITION_REPRESENTATION(#4,#10);
#4 = PRODUCT_DEFINITION_SHAPE('','',#5);
#5 = PRODUCT_DEFINITION('design','',#6,#9);
#6 = PRODUCT_DEFINITION_FORMATION('','',#7);
#7 = PRODUCT('dash_bar_wheel_6_spoke','dash_bar_wheel_6_spoke','',(#8));
#8 = PRODUCT_CONTEXT('',#2,'mechanical');
#9 = PRODUCT_DEFINITION_CONTEXT('part definition',#2,'design');
#10 = SHAPE_REPRESENTATION('',(#11,#15,#19),#23);
#11 = AXIS2_PLACEMENT_3D('',#12,#13,#14);
#12 = CARTESIAN_POINT('',(0.,0.,0.));
#13 = DIRECTION('',(0.,0.,1.));
#14 = DIRECTION('',(1.,0.,-0.));
#15 = AXIS2_PLACEMENT_3D('',#16,#17,#18);
#16 = CARTESIAN_POINT('',(0.,0.,0.));
#17 = DIRECTION('',(0.,0.,1.));
#18 = DIRECTION('',(1.,0.,-0.));
#19 = AXIS2_PLACEMENT_3D('',#20,#21,#22);
#20 = CARTESIAN_POINT('',(0.,0.,690.));
#21 = DIRECTION('',(0.,0.,1.));
#22 = DIRECTION('',(1.,0.,-0.));
#23 = ( GEOMETRIC_REPRESENTATION_CONTEXT(3) 
GLOBAL_UNCERTAINTY_ASSIGNED_CONTEXT((#27)) GLOBAL_UNIT_ASSIGNED_CONTEXT(
(#24,#25,#26)) REPRESENTATION_CONTEXT('Context #1',
  '3D Context with UNIT and UNCERTAINTY') );
#24 = ( LENGTH_UNIT() NAMED_UNIT(*) SI_UNIT(.MILLI.,.METRE.) );
#25 = ( NAMED_UNIT(*) PLANE_ANGLE_UNIT() SI_UNIT($,.RADIAN.) );
#26 = ( NAMED_UNIT(*) SI_UNIT($,.STERADIAN.) SOLID_ANGLE_UNIT() );
#27 = UNCERTAINTY_MEASURE_WITH_UNIT(LENGTH_MEASURE(5.E-07),#24,
  'distance_accuracy_value','confusion accuracy');
#28 = PRODUCT_RELATED_PRODUCT_CATEGORY('part',$,(#7));
#29 = SHAPE_DEFINITION_REPRESENTATION(#30,#36);
#30 = PRODUCT_DEFINITION_SHAPE('','',#31);
#31 = PRODUCT_DEFINITION('design','',#32,#35);
#32 = PRODUCT_DEFINITION_FORMATION('','',#33);
#33 = PRODUCT('post','post','',(#34));
#34 = PRODUCT_CONTEXT('',#2,'mechanical');
#35 = PRODUCT_DEFINITION_CONTEXT('part definition',#2,'design');
#36 = ADVANCED_BREP_SHAPE_REPRESENTATION('',(#11,#37),#319);
#37 = MANIFOLD_SOLID_BREP('',#38);
#38 = CLOSED_SHELL('',(#39,#127,#131,#170,#225,#260,#315));
#39 = ADVANCED_FACE('',(#40),#54,.T.);
#40 = FACE_BOUND('',#41,.F.);
#41 = EDGE_LOOP('',(#42,#72,#99,#100));
#42 = ORIENTED_EDGE('',*,*,#43,.T.);
#43 = EDGE_CURVE('',#44,#46,#48,.T.);
#44 = VERTEX_POINT('',#45);
#45 = CARTESIAN_POINT('',(70.,0.,0.));
#46 = VERTEX_POINT('',#47);
#47 = CARTESIAN_POINT('',(70.,0.,12.));
#48 = SEAM_CURVE('',#49,(#53,#65),.PCURVE_S1.);
#49 = LINE('',#50,#51);
#50 = CARTESIAN_POINT('',(70.,0.,0.));
#51 = VECTOR('',#52,1.);
#52 = DIRECTION('',(0.,0.,1.));
#53 = PCURVE('',#54,#59);
#54 = CYLINDRICAL_SURFACE('',#55,70.);
#55 = AXIS2_PLACEMENT_3D('',#56,#57,#58);
#56 = CARTESIAN_POINT('',(0.,0.,0.));
#57 = DIRECTION('',(-0.,-0.,-1.));
#58 = DIRECTION('',(1.,0.,0.));
#59 = DEFINITIONAL_REPRESENTATION('',(#60),#64);
#60 = LINE('',#61,#62);
#61 = CARTESIAN_POINT('',(-0.,0.));
#62 = VECTOR('',#63,1.);
#63 = DIRECTION('',(-0.,-1.));
#64 = ( GEOMETRIC_REPRESENTATION_CONTEXT(2) 
PARAMETRIC_REPRESENTATION_CONTEXT() REPRESENTATION_CONTEXT('2D SPACE',''
  ) );
#65 = PCURVE('',#54,#66);
#66 = DEFINITIONAL_REPRESENTATION('',(#67),#71);
#67 = LINE('',#68,#69);
#68 = CARTESIAN_POINT('',(-6.28318530718,0.));
#69 = VECTOR('',#70,1.);
#70 = DIRECTION('',(-0.,-1.));
#71 = ( GEOMETRIC_REPRESENTATION_CONTEXT(2) 
PARAMETRIC_REPRESENTATION_CONTEXT() REPRESENTATION_CONTEXT('2D SPACE',''
  ) );
#72 = ORIENTED_EDGE('',*,*,#73,.T.);
#73 = EDGE_CURVE('',#46,#46,#74,.T.);
#74 = SURFACE_CURVE('',#75,(#80,#87),.PCURVE_S1.);
#75 = CIRCLE('',#76,70.);
#76 = AXIS2_PLACEMENT_3D('',#77,#78,#79);
#77 = CARTESIAN_POINT('',(0.,0.,12.));
#78 = DIRECTION('',(0.,0.,1.));
#79 = DIRECTION('',(1.,0.,0.));
#80 = PCURVE('',#54,#81);
#81 = DEFINITIONAL_REPRESENTATION('',(#82),#86);
#82 = LINE('',#83,#84);
#83 = CARTESIAN_POINT('',(-0.,-12.));
#84 = VECTOR('',#85,1.);
#85 = DIRECTION('',(-1.,0.));
#86 = ( GEOMETRIC_REPRESENTATION_CONTEXT(2) 
PARAMETRIC_REPRESENTATION_CONTEXT() REPRESENTATION_CONTEXT('2D SPACE',''
  ) );
#87 = PCURVE('',#88,#93);
#88 = PLANE('',#89);
#89 = AXIS2_PLACEMENT_3D('',#90,#91,#92);
#90 = CARTESIAN_POINT('',(-2.500461956644E-15,4.64387667192E-15,12.));
#91 = DIRECTION('',(0.,0.,1.));
#92 = DIRECTION('',(1.,0.,-0.));
#93 = DEFINITIONAL_REPRESENTATION('',(#94),#98);
#94 = CIRCLE('',#95,70.);
#95 = AXIS2_PLACEMENT_2D('',#96,#97);
#96 = CARTESIAN_POINT('',(2.500461956644E-15,-4.64387667192E-15));
#97 = DIRECTION('',(1.,0.));
#98 = ( GEOMETRIC_REPRESENTATION_CONTEXT(2) 
PARAMETRIC_REPRESENTATION_CONTEXT() REPRESENTATION_CONTEXT('2D SPACE',''
  ) );
#99 = ORIENTED_EDGE('',*,*,#43,.F.);
#100 = ORIENTED_EDGE('',*,*,#101,.F.);
#101 = EDGE_CURVE('',#44,#44,#102,.T.);
#102 = SURFACE_CURVE('',#103,(#108,#115),.PCURVE_S1.);
#103 = CIRCLE('',#104,70.);
#104 = AXIS2_PLACEMENT_3D('',#105,#106,#107);
#105 = CARTESIAN_POINT('',(0.,0.,0.));
#106 = DIRECTION('',(0.,0.,1.));
#107 = DIRECTION('',(1.,0.,0.));
#108 = PCURVE('',#54,#109);
#109 = DEFINITIONAL_REPRESENTATION('',(#110),#114);
#110 = LINE('',#111,#112);
#111 = CARTESIAN_POINT('',(-0.,0.));
#112 = VECTOR('',#113,1.);
#113 = DIRECTION('',(-1.,0.));
#114 = ( GEOMETRIC_REPRESENTATION_CONTEXT(2) 
PARAMETRIC_REPRESENTATION_CONTEXT() REPRESENTATION_CONTEXT('2D SPACE',''
  ) );
#115 = PCURVE('',#116,#121);
#116 = PLANE('',#117);
#117 = AXIS2_PLACEMENT_3D('',#118,#119,#120);
#118 = CARTESIAN_POINT('',(-2.500461956644E-15,4.64387667192E-15,0.));
#119 = DIRECTION('',(0.,0.,1.));
#120 = DIRECTION('',(1.,0.,-0.));
#121 = DEFINITIONAL_REPRESENTATION('',(#122),#126);
#122 = CIRCLE('',#123,70.);
#123 = AXIS2_PLACEMENT_2D('',#124,#125);
#124 = CARTESIAN_POINT('',(2.500461956644E-15,-4.64387667192E-15));
#125 = DIRECTION('',(1.,0.));
#126 = ( GEOMETRIC_REPRESENTATION_CONTEXT(2) 
PARAMETRIC_REPRESENTATION_CONTEXT() REPRESENTATION_CONTEXT('2D SPACE',''
  ) );
#127 = ADVANCED_FACE('',(#128),#116,.F.);
#128 = FACE_BOUND('',#129,.F.);
#129 = EDGE_LOOP('',(#130));
#130 = ORIENTED_EDGE('',*,*,#101,.T.);
#131 = ADVANCED_FACE('',(#132,#135),#88,.T.);
#132 = FACE_BOUND('',#133,.T.);
#133 = EDGE_LOOP('',(#134));
#134 = ORIENTED_EDGE('',*,*,#73,.T.);
#135 = FACE_BOUND('',#136,.T.);
#136 = EDGE_LOOP('',(#137));
#137 = ORIENTED_EDGE('',*,*,#138,.T.);
#138 = EDGE_CURVE('',#139,#139,#141,.T.);
#139 = VERTEX_POINT('',#140);
#140 = CARTESIAN_POINT('',(20.,0.,12.));
#141 = SURFACE_CURVE('',#142,(#147,#158),.PCURVE_S1.);
#142 = CIRCLE('',#143,20.);
#143 = AXIS2_PLACEMENT_3D('',#144,#145,#146);
#144 = CARTESIAN_POINT('',(0.,0.,12.));
#145 = DIRECTION('',(0.,0.,-1.));
#146 = DIRECTION('',(1.,0.,0.));
#147 = PCURVE('',#88,#148);
#148 = DEFINITIONAL_REPRESENTATION('',(#149),#157);
#149 = ( BOUNDED_CURVE() B_SPLINE_CURVE(2,(#150,#151,#152,#153,#154,#155
,#156),.UNSPECIFIED.,.T.,.F.) B_SPLINE_CURVE_WITH_KNOTS((1,2,2,2,2,1),(
    -2.094395102393,0.,2.094395102393,4.188790204786,6.28318530718,
8.377580409573),.UNSPECIFIED.) CURVE() GEOMETRIC_REPRESENTATION_ITEM() 
RATIONAL_B_SPLINE_CURVE((1.,0.5,1.,0.5,1.,0.5,1.)) REPRESENTATION_ITEM(
  '') );
#150 = CARTESIAN_POINT('',(20.,-4.64387667192E-15));
#151 = CARTESIAN_POINT('',(20.,-34.64101615137));
#152 = CARTESIAN_POINT('',(-10.,-17.32050807568));
#153 = CARTESIAN_POINT('',(-40.,-9.542463868509E-15));
#154 = CARTESIAN_POINT('',(-10.,17.320508075689));
#155 = CARTESIAN_POINT('',(20.,34.641016151378));
#156 = CARTESIAN_POINT('',(20.,-4.64387667192E-15));
#157 = ( GEOMETRIC_REPRESENTATION_CONTEXT(2) 
PARAMETRIC_REPRESENTATION_CONTEXT() REPRESENTATION_CONTEXT('2D SPACE',''
  ) );
#158 = PCURVE('',#159,#164);
#159 = CYLINDRICAL_SURFACE('',#160,20.);
#160 = AXIS2_PLACEMENT_3D('',#161,#162,#163);
#161 = CARTESIAN_POINT('',(0.,0.,0.));
#162 = DIRECTION('',(-0.,-0.,-1.));
#163 = DIRECTION('',(1.,0.,0.));
#164 = DEFINITIONAL_REPRESENTATION('',(#165),#169);
#165 = LINE('',#166,#167);
#166 = CARTESIAN_POINT('',(-6.28318530718,-12.));
#167 = VECTOR('',#168,1.);
#168 = DIRECTION('',(1.,-0.));
#169 = ( GEOMETRIC_REPRESENTATION_CONTEXT(2) 
PARAMETRIC_REPRESENTATION_CONTEXT() REPRESENTATION_CONTEXT('2D SPACE',''
  ) );
#170 = ADVANCED_FACE('',(#171),#159,.T.);
#171 = FACE_BOUND('',#172,.F.);
#172 = EDGE_LOOP('',(#173,#174,#197,#224));
#173 = ORIENTED_EDGE('',*,*,#138,.T.);
#174 = ORIENTED_EDGE('',*,*,#175,.T.);
#175 = EDGE_CURVE('',#139,#176,#178,.T.);
#176 = VERTEX_POINT('',#177);
#177 = CARTESIAN_POINT('',(20.,0.,655.));
#178 = SEAM_CURVE('',#179,(#183,#190),.PCURVE_S1.);
#179 = LINE('',#180,#181);
#180 = CARTESIAN_POINT('',(20.,0.,0.));
#181 = VECTOR('',#182,1.);
#182 = DIRECTION('',(0.,0.,1.));
#183 = PCURVE('',#159,#184);
#184 = DEFINITIONAL_REPRESENTATION('',(#185),#189);
#185 = LINE('',#186,#187);
#186 = CARTESIAN_POINT('',(-6.28318530718,0.));
#187 = VECTOR('',#188,1.);
#188 = DIRECTION('',(-0.,-1.));
#189 = ( GEOMETRIC_REPRESENTATION_CONTEXT(2) 
PARAMETRIC_REPRESENTATION_CONTEXT() REPRESENTATION_CONTEXT('2D SPACE',''
  ) );
#190 = PCURVE('',#159,#191);
#191 = DEFINITIONAL_REPRESENTATION('',(#192),#196);
#192 = LINE('',#193,#194);
#193 = CARTESIAN_POINT('',(-0.,0.));
#194 = VECTOR('',#195,1.);
#195 = DIRECTION('',(-0.,-1.));
#196 = ( GEOMETRIC_REPRESENTATION_CONTEXT(2) 
PARAMETRIC_REPRESENTATION_CONTEXT() REPRESENTATION_CONTEXT('2D SPACE',''
  ) );
#197 = ORIENTED_EDGE('',*,*,#198,.T.);
#198 = EDGE_CURVE('',#176,#176,#199,.T.);
#199 = SURFACE_CURVE('',#200,(#205,#212),.PCURVE_S1.);
#200 = CIRCLE('',#201,20.);
#201 = AXIS2_PLACEMENT_3D('',#202,#203,#204);
#202 = CARTESIAN_POINT('',(0.,0.,655.));
#203 = DIRECTION('',(0.,0.,1.));
#204 = DIRECTION('',(1.,0.,0.));
#205 = PCURVE('',#159,#206);
#206 = DEFINITIONAL_REPRESENTATION('',(#207),#211);
#207 = LINE('',#208,#209);
#208 = CARTESIAN_POINT('',(-0.,-655.));
#209 = VECTOR('',#210,1.);
#210 = DIRECTION('',(-1.,0.));
#211 = ( GEOMETRIC_REPRESENTATION_CONTEXT(2) 
PARAMETRIC_REPRESENTATION_CONTEXT() REPRESENTATION_CONTEXT('2D SPACE',''
  ) );
#212 = PCURVE('',#213,#218);
#213 = PLANE('',#214);
#214 = AXIS2_PLACEMENT_3D('',#215,#216,#217);
#215 = CARTESIAN_POINT('',(-1.093952106032E-15,1.371473012632E-15,655.)
  );
#216 = DIRECTION('',(0.,0.,1.));
#217 = DIRECTION('',(1.,0.,-0.));
#218 = DEFINITIONAL_REPRESENTATION('',(#219),#223);
#219 = CIRCLE('',#220,20.);
#220 = AXIS2_PLACEMENT_2D('',#221,#222);
#221 = CARTESIAN_POINT('',(1.093952106032E-15,-1.371473012632E-15));
#222 = DIRECTION('',(1.,0.));
#223 = ( GEOMETRIC_REPRESENTATION_CONTEXT(2) 
PARAMETRIC_REPRESENTATION_CONTEXT() REPRESENTATION_CONTEXT('2D SPACE',''
  ) );
#224 = ORIENTED_EDGE('',*,*,#175,.F.);
#225 = ADVANCED_FACE('',(#226,#229),#213,.T.);
#226 = FACE_BOUND('',#227,.T.);
#227 = EDGE_LOOP('',(#228));
#228 = ORIENTED_EDGE('',*,*,#198,.T.);
#229 = FACE_BOUND('',#230,.T.);
#230 = EDGE_LOOP('',(#231));
#231 = ORIENTED_EDGE('',*,*,#232,.F.);
#232 = EDGE_CURVE('',#233,#233,#235,.T.);
#233 = VERTEX_POINT('',#234);
#234 = CARTESIAN_POINT('',(8.,0.,655.));
#235 = SURFACE_CURVE('',#236,(#241,#248),.PCURVE_S1.);
#236 = CIRCLE('',#237,8.);
#237 = AXIS2_PLACEMENT_3D('',#238,#239,#240);
#238 = CARTESIAN_POINT('',(0.,0.,655.));
#239 = DIRECTION('',(0.,0.,1.));
#240 = DIRECTION('',(1.,0.,0.));
#241 = PCURVE('',#213,#242);
#242 = DEFINITIONAL_REPRESENTATION('',(#243),#247);
#243 = CIRCLE('',#244,8.);
#244 = AXIS2_PLACEMENT_2D('',#245,#246);
#245 = CARTESIAN_POINT('',(1.093952106032E-15,-1.371473012632E-15));
#246 = DIRECTION('',(1.,0.));
#247 = ( GEOMETRIC_REPRESENTATION_CONTEXT(2) 
PARAMETRIC_REPRESENTATION_CONTEXT() REPRESENTATION_CONTEXT('2D SPACE',''
  ) );
#248 = PCURVE('',#249,#254);
#249 = CYLINDRICAL_SURFACE('',#250,8.);
#250 = AXIS2_PLACEMENT_3D('',#251,#252,#253);
#251 = CARTESIAN_POINT('',(0.,0.,655.));
#252 = DIRECTION('',(-0.,-0.,-1.));
#253 = DIRECTION('',(1.,0.,0.));
#254 = DEFINITIONAL_REPRESENTATION('',(#255),#259);
#255 = LINE('',#256,#257);
#256 = CARTESIAN_POINT('',(-0.,0.));
#257 = VECTOR('',#258,1.);
#258 = DIRECTION('',(-1.,0.));
#259 = ( GEOMETRIC_REPRESENTATION_CONTEXT(2) 
PARAMETRIC_REPRESENTATION_CONTEXT() REPRESENTATION_CONTEXT('2D SPACE',''
  ) );
#260 = ADVANCED_FACE('',(#261),#249,.T.);
#261 = FACE_BOUND('',#262,.F.);
#262 = EDGE_LOOP('',(#263,#286,#313,#314));
#263 = ORIENTED_EDGE('',*,*,#264,.T.);
#264 = EDGE_CURVE('',#233,#265,#267,.T.);
#265 = VERTEX_POINT('',#266);
#266 = CARTESIAN_POINT('',(8.,0.,700.));
#267 = SEAM_CURVE('',#268,(#272,#279),.PCURVE_S1.);
#268 = LINE('',#269,#270);
#269 = CARTESIAN_POINT('',(8.,0.,655.));
#270 = VECTOR('',#271,1.);
#271 = DIRECTION('',(0.,0.,1.));
#272 = PCURVE('',#249,#273);
#273 = DEFINITIONAL_REPRESENTATION('',(#274),#278);
#274 = LINE('',#275,#276);
#275 = CARTESIAN_POINT('',(-0.,0.));
#276 = VECTOR('',#277,1.);
#277 = DIRECTION('',(-0.,-1.));
#278 = ( GEOMETRIC_REPRESENTATION_CONTEXT(2) 
PARAMETRIC_REPRESENTATION_CONTEXT() REPRESENTATION_CONTEXT('2D SPACE',''
  ) );
#279 = PCURVE('',#249,#280);
#280 = DEFINITIONAL_REPRESENTATION('',(#281),#285);
#281 = LINE('',#282,#283);
#282 = CARTESIAN_POINT('',(-6.28318530718,0.));
#283 = VECTOR('',#284,1.);
#284 = DIRECTION('',(-0.,-1.));
#285 = ( GEOMETRIC_REPRESENTATION_CONTEXT(2) 
PARAMETRIC_REPRESENTATION_CONTEXT() REPRESENTATION_CONTEXT('2D SPACE',''
  ) );
#286 = ORIENTED_EDGE('',*,*,#287,.T.);
#287 = EDGE_CURVE('',#265,#265,#288,.T.);
#288 = SURFACE_CURVE('',#289,(#294,#301),.PCURVE_S1.);
#289 = CIRCLE('',#290,8.);
#290 = AXIS2_PLACEMENT_3D('',#291,#292,#293);
#291 = CARTESIAN_POINT('',(0.,0.,700.));
#292 = DIRECTION('',(0.,0.,1.));
#293 = DIRECTION('',(1.,0.,0.));
#294 = PCURVE('',#249,#295);
#295 = DEFINITIONAL_REPRESENTATION('',(#296),#300);
#296 = LINE('',#297,#298);
#297 = CARTESIAN_POINT('',(-0.,-45.));
#298 = VECTOR('',#299,1.);
#299 = DIRECTION('',(-1.,0.));
#300 = ( GEOMETRIC_REPRESENTATION_CONTEXT(2) 
PARAMETRIC_REPRESENTATION_CONTEXT() REPRESENTATION_CONTEXT('2D SPACE',''
  ) );
#301 = PCURVE('',#302,#307);
#302 = PLANE('',#303);
#303 = AXIS2_PLACEMENT_3D('',#304,#305,#306);
#304 = CARTESIAN_POINT('',(-5.127900497023E-16,6.990076196319E-16,700.)
  );
#305 = DIRECTION('',(0.,0.,1.));
#306 = DIRECTION('',(1.,0.,-0.));
#307 = DEFINITIONAL_REPRESENTATION('',(#308),#312);
#308 = CIRCLE('',#309,8.);
#309 = AXIS2_PLACEMENT_2D('',#310,#311);
#310 = CARTESIAN_POINT('',(5.127900497023E-16,-6.990076196319E-16));
#311 = DIRECTION('',(1.,0.));
#312 = ( GEOMETRIC_REPRESENTATION_CONTEXT(2) 
PARAMETRIC_REPRESENTATION_CONTEXT() REPRESENTATION_CONTEXT('2D SPACE',''
  ) );
#313 = ORIENTED_EDGE('',*,*,#264,.F.);
#314 = ORIENTED_EDGE('',*,*,#232,.F.);
#315 = ADVANCED_FACE('',(#316),#302,.T.);
#316 = FACE_BOUND('',#317,.T.);
#317 = EDGE_LOOP('',(#318));
#318 = ORIENTED_EDGE('',*,*,#287,.T.);
#319 = ( GEOMETRIC_REPRESENTATION_CONTEXT(3) 
GLOBAL_UNCERTAINTY_ASSIGNED_CONTEXT((#323)) GLOBAL_UNIT_ASSIGNED_CONTEXT
((#320,#321,#322)) REPRESENTATION_CONTEXT('Context #1',
  '3D Context with UNIT and UNCERTAINTY') );
#320 = ( LENGTH_UNIT() NAMED_UNIT(*) SI_UNIT(.MILLI.,.METRE.) );
#321 = ( NAMED_UNIT(*) PLANE_ANGLE_UNIT() SI_UNIT($,.RADIAN.) );
#322 = ( NAMED_UNIT(*) SI_UNIT($,.STERADIAN.) SOLID_ANGLE_UNIT() );
#323 = UNCERTAINTY_MEASURE_WITH_UNIT(LENGTH_MEASURE(1.E-07),#320,
  'distance_accuracy_value','confusion accuracy');
#324 = CONTEXT_DEPENDENT_SHAPE_REPRESENTATION(#325,#327);
#325 = ( REPRESENTATION_RELATIONSHIP('','',#36,#10) 
REPRESENTATION_RELATIONSHIP_WITH_TRANSFORMATION(#326) 
SHAPE_REPRESENTATION_RELATIONSHIP() );
#326 = ITEM_DEFINED_TRANSFORMATION('','',#11,#15);
#327 = PRODUCT_DEFINITION_SHAPE('Placement','Placement of an item',#328
  );
#328 = NEXT_ASSEMBLY_USAGE_OCCURRENCE('1','post','',#5,#31,$);
#329 = PRODUCT_RELATED_PRODUCT_CATEGORY('part',$,(#33));
#330 = SHAPE_DEFINITION_REPRESENTATION(#331,#337);
#331 = PRODUCT_DEFINITION_SHAPE('','',#332);
#332 = PRODUCT_DEFINITION('design','',#333,#336);
#333 = PRODUCT_DEFINITION_FORMATION('','',#334);
#334 = PRODUCT('wheel_6_spoke','wheel_6_spoke','',(#335));
#335 = PRODUCT_CONTEXT('',#2,'mechanical');
#336 = PRODUCT_DEFINITION_CONTEXT('part definition',#2,'design');
#337 = ADVANCED_BREP_SHAPE_REPRESENTATION('',(#11,#338),#3716);
#338 = MANIFOLD_SOLID_BREP('',#339);
#339 = CLOSED_SHELL('',(#340,#903,#1439,#1975,#2030,#2038,#2574,#3163,
    #3171,#3179,#3700,#3708));
#340 = ADVANCED_FACE('',(#341),#356,.T.);
#341 = FACE_BOUND('',#342,.F.);
#342 = EDGE_LOOP('',(#343,#405,#428,#687,#849,#850));
#343 = ORIENTED_EDGE('',*,*,#344,.T.);
#344 = EDGE_CURVE('',#345,#347,#349,.T.);
#345 = VERTEX_POINT('',#346);
#346 = CARTESIAN_POINT('',(1.224646799147E-15,-2.999519565324E-31,20.));
#347 = VERTEX_POINT('',#348);
#348 = CARTESIAN_POINT('',(8.706150942403E-16,1.799188029157E-17,-20.));
#349 = SURFACE_CURVE('',#350,(#355,#380),.PCURVE_S1.);
#350 = ELLIPSE('',#351,40.,20.);
#351 = AXIS2_PLACEMENT_3D('',#352,#353,#354);
#352 = CARTESIAN_POINT('',(0.,0.,0.));
#353 = DIRECTION('',(0.5,-0.866025403784,0.));
#354 = DIRECTION('',(0.866025403784,0.5,-1.281975124256E-16));
#355 = PCURVE('',#356,#361);
#356 = CYLINDRICAL_SURFACE('',#357,20.);
#357 = AXIS2_PLACEMENT_3D('',#358,#359,#360);
#358 = CARTESIAN_POINT('',(-0.,0.,0.));
#359 = DIRECTION('',(1.,-1.224646799147E-16,-1.110223024625E-16));
#360 = DIRECTION('',(-1.110223024625E-16,2.465190328816E-32,-1.));
#361 = DEFINITIONAL_REPRESENTATION('',(#362),#379);
#362 = B_SPLINE_CURVE_WITH_KNOTS('',8,(#363,#364,#365,#366,#367,#368,
    #369,#370,#371,#372,#373,#374,#375,#376,#377,#378),.UNSPECIFIED.,.F.
  ,.F.,(9,7,9),(1.570796309305,3.14159265134,4.712388993375),
  .UNSPECIFIED.);
#363 = CARTESIAN_POINT('',(-3.14159267108,6.058664250358E-07));
#364 = CARTESIAN_POINT('',(-2.945243128325,-6.801747076004));
#365 = CARTESIAN_POINT('',(-2.748893585566,-13.60349639947));
#366 = CARTESIAN_POINT('',(-2.552544042826,-20.00564586991));
#367 = CARTESIAN_POINT('',(-2.356194500031,-25.60867408815));
#368 = CARTESIAN_POINT('',(-2.159844957317,-30.06209882591));
#369 = CARTESIAN_POINT('',(-1.963495414548,-33.11470603854));
#370 = CARTESIAN_POINT('',(-1.767145871799,-34.64101613607));
#371 = CARTESIAN_POINT('',(-1.37444678629,-34.64101616668));
#372 = CARTESIAN_POINT('',(-1.178097243537,-33.11470609979));
#373 = CARTESIAN_POINT('',(-0.981747700777,-30.06209891579));
#374 = CARTESIAN_POINT('',(-0.785398158031,-25.60867420349));
#375 = CARTESIAN_POINT('',(-0.589048615267,-20.00564600498));
#376 = CARTESIAN_POINT('',(-0.392699072519,-13.6034965485));
#377 = CARTESIAN_POINT('',(-0.196349529764,-6.80174723187));
#378 = CARTESIAN_POINT('',(1.299038032698E-08,4.499999683561E-07));
#379 = ( GEOMETRIC_REPRESENTATION_CONTEXT(2) 
PARAMETRIC_REPRESENTATION_CONTEXT() REPRESENTATION_CONTEXT('2D SPACE',''
  ) );
#380 = PCURVE('',#381,#386);
#381 = CYLINDRICAL_SURFACE('',#382,20.);
#382 = AXIS2_PLACEMENT_3D('',#383,#384,#385);
#383 = CARTESIAN_POINT('',(0.,-0.,0.));
#384 = DIRECTION('',(0.5,0.866025403784,-1.110223024625E-16));
#385 = DIRECTION('',(-4.907044749511E-17,-9.986667635501E-17,-1.));
#386 = DEFINITIONAL_REPRESENTATION('',(#387),#404);
#387 = B_SPLINE_CURVE_WITH_KNOTS('',8,(#388,#389,#390,#391,#392,#393,
    #394,#395,#396,#397,#398,#399,#400,#401,#402,#403),.UNSPECIFIED.,.F.
  ,.F.,(9,7,9),(1.570796309305,3.14159265134,4.712388993375),
  .UNSPECIFIED.);
#388 = CARTESIAN_POINT('',(-3.1415926361,6.058664250358E-07));
#389 = CARTESIAN_POINT('',(-3.337942178854,-6.801747076004));
#390 = CARTESIAN_POINT('',(-3.534291721612,-13.60349639949));
#391 = CARTESIAN_POINT('',(-3.730641264365,-20.00564586989));
#392 = CARTESIAN_POINT('',(-3.926990807134,-25.60867408811));
#393 = CARTESIAN_POINT('',(-4.12334034987,-30.0620988259));
#394 = CARTESIAN_POINT('',(-4.319689892628,-33.11470603855));
#395 = CARTESIAN_POINT('',(-4.516039435381,-34.64101613607));
#396 = CARTESIAN_POINT('',(-4.908738520889,-34.64101616668));
#397 = CARTESIAN_POINT('',(-5.105088063644,-33.11470609976));
#398 = CARTESIAN_POINT('',(-5.3014376064,-30.06209891582));
#399 = CARTESIAN_POINT('',(-5.497787149151,-25.60867420349));
#400 = CARTESIAN_POINT('',(-5.694136691909,-20.00564600504));
#401 = CARTESIAN_POINT('',(-5.890486234661,-13.60349654848));
#402 = CARTESIAN_POINT('',(-6.086835777416,-6.80174723187));
#403 = CARTESIAN_POINT('',(-6.28318532017,4.499999683561E-07));
#404 = ( GEOMETRIC_REPRESENTATION_CONTEXT(2) 
PARAMETRIC_REPRESENTATION_CONTEXT() REPRESENTATION_CONTEXT('2D SPACE',''
  ) );
#405 = ORIENTED_EDGE('',*,*,#406,.T.);
#406 = EDGE_CURVE('',#347,#407,#409,.T.);
#407 = VERTEX_POINT('',#408);
#408 = CARTESIAN_POINT('',(-183.3867522741,9.194663893841E-15,-20.));
#409 = SEAM_CURVE('',#410,(#414,#421),.PCURVE_S1.);
#410 = LINE('',#411,#412);
#411 = CARTESIAN_POINT('',(-2.22044604925E-15,4.930380657631E-31,-20.));
#412 = VECTOR('',#413,1.);
#413 = DIRECTION('',(-1.,1.224646799147E-16,1.110223024625E-16));
#414 = PCURVE('',#356,#415);
#415 = DEFINITIONAL_REPRESENTATION('',(#416),#420);
#416 = LINE('',#417,#418);
#417 = CARTESIAN_POINT('',(-6.28318530718,0.));
#418 = VECTOR('',#419,1.);
#419 = DIRECTION('',(-0.,-1.));
#420 = ( GEOMETRIC_REPRESENTATION_CONTEXT(2) 
PARAMETRIC_REPRESENTATION_CONTEXT() REPRESENTATION_CONTEXT('2D SPACE',''
  ) );
#421 = PCURVE('',#356,#422);
#422 = DEFINITIONAL_REPRESENTATION('',(#423),#427);
#423 = LINE('',#424,#425);
#424 = CARTESIAN_POINT('',(-0.,0.));
#425 = VECTOR('',#426,1.);
#426 = DIRECTION('',(-0.,-1.));
#427 = ( GEOMETRIC_REPRESENTATION_CONTEXT(2) 
PARAMETRIC_REPRESENTATION_CONTEXT() REPRESENTATION_CONTEXT('2D SPACE',''
  ) );
#428 = ORIENTED_EDGE('',*,*,#429,.T.);
#429 = EDGE_CURVE('',#407,#430,#432,.T.);
#430 = VERTEX_POINT('',#431);
#431 = CARTESIAN_POINT('',(-183.3867522741,-4.069072130177E-15,20.));
#432 = SURFACE_CURVE('',#433,(#514,#598),.PCURVE_S1.);
#433 = B_SPLINE_CURVE_WITH_KNOTS('',7,(#434,#435,#436,#437,#438,#439,
    #440,#441,#442,#443,#444,#445,#446,#447,#448,#449,#450,#451,#452,
    #453,#454,#455,#456,#457,#458,#459,#460,#461,#462,#463,#464,#465,
    #466,#467,#468,#469,#470,#471,#472,#473,#474,#475,#476,#477,#478,
    #479,#480,#481,#482,#483,#484,#485,#486,#487,#488,#489,#490,#491,
    #492,#493,#494,#495,#496,#497,#498,#499,#500,#501,#502,#503,#504,
    #505,#506,#507,#508,#509,#510,#511,#512,#513),.UNSPECIFIED.,.F.,.F.,
  (8,6,6,6,6,6,6,6,6,6,6,6,6,8),(0.,6.738604347724E-02,
    9.252529707598E-02,0.120676883044,0.149829202403,0.324675237832,
    0.500501678103,0.674319132148,0.849164800883,0.871279824656,
    0.891386697006,0.90847938711,0.9336187859,1.),.UNSPECIFIED.);
#434 = CARTESIAN_POINT('',(-183.3867522741,2.84217094304E-14,-20.));
#435 = CARTESIAN_POINT('',(-183.3867522741,-0.604396677934,-20.));
#436 = CARTESIAN_POINT('',(-183.3867522741,-1.208765032108,
    -19.97869110625));
#437 = CARTESIAN_POINT('',(-183.3867522741,-1.812230581803,
    -19.93607690724));
#438 = CARTESIAN_POINT('',(-183.3867522741,-2.413914302457,
    -19.8722029636));
#439 = CARTESIAN_POINT('',(-183.3867522741,-3.012931769964,
    -19.78715847279));
#440 = CARTESIAN_POINT('',(-183.3867522741,-3.608393004965,
    -19.68107980843));
#441 = CARTESIAN_POINT('',(-183.3867522741,-4.419887108631,
    -19.50680530644));
#442 = CARTESIAN_POINT('',(-183.3867522741,-4.639753266905,
    -19.45655318791));
#443 = CARTESIAN_POINT('',(-183.3867522741,-4.858955803962,
    -19.40340913944));
#444 = CARTESIAN_POINT('',(-183.3867522741,-5.077449211364,
    -19.34738362166));
#445 = CARTESIAN_POINT('',(-183.3867522741,-5.295188160224,
    -19.28848799493));
#446 = CARTESIAN_POINT('',(-183.3867522741,-5.512127501213,
    -19.22673451941));
#447 = CARTESIAN_POINT('',(-183.3867522741,-5.970210766075,
    -19.08979766079));
#448 = CARTESIAN_POINT('',(-183.3867522741,-6.211140220097,
    -19.01389168741));
#449 = CARTESIAN_POINT('',(-183.3867522741,-6.450947459726,
    -18.93443692225));
#450 = CARTESIAN_POINT('',(-183.3867522741,-6.689569740121,
    -18.85145325153));
#451 = CARTESIAN_POINT('',(-183.3867522741,-6.926944738496,
    -18.76496196028));
#452 = CARTESIAN_POINT('',(-183.3867522741,-7.163010554124,
    -18.67498573239));
#453 = CARTESIAN_POINT('',(-183.3867522741,-7.640743812647,
    -18.48479006463));
#454 = CARTESIAN_POINT('',(-183.3867522741,-7.882312155519,
    -18.38432017284));
#455 = CARTESIAN_POINT('',(-183.3867522741,-8.122342462728,
    -18.28016572653));
#456 = CARTESIAN_POINT('',(-183.3867522741,-8.360767119718,
    -18.17235503732));
#457 = CARTESIAN_POINT('',(-183.3867522741,-8.597519171591,
    -18.06091797714));
#458 = CARTESIAN_POINT('',(-183.3867522741,-8.832532323109,
    -17.94588597822));
#459 = CARTESIAN_POINT('',(-183.3867522741,-10.4644496096,-17.1160045063
    ));
#460 = CARTESIAN_POINT('',(-183.3867522741,-11.79850105466,
    -16.27645584758));
#461 = CARTESIAN_POINT('',(-183.3867522741,-13.05324336095,
    -15.31591515569));
#462 = CARTESIAN_POINT('',(-183.3867522741,-14.21568972799,
    -14.24356679943));
#463 = CARTESIAN_POINT('',(-183.3867522741,-15.27423093207,
    -13.0700872695));
#464 = CARTESIAN_POINT('',(-183.3867522741,-16.21863294108,
    -11.80762955086));
#465 = CARTESIAN_POINT('',(-183.3867522741,-17.86681179201,
    -9.125180456961));
#466 = CARTESIAN_POINT('',(-183.3867522741,-18.56951991063,
    -7.703840261366));
#467 = CARTESIAN_POINT('',(-183.3867522741,-19.13976502991,
    -6.220231748534));
#468 = CARTESIAN_POINT('',(-183.3867522741,-19.57123718692,
    -4.689196518959));
#469 = CARTESIAN_POINT('',(-183.3867522741,-19.8595940355,
    -3.126144712726));
#470 = CARTESIAN_POINT('',(-183.3867522741,-20.00246719409,
    -1.54702302152));
#471 = CARTESIAN_POINT('',(-183.3867522741,-19.99751143551,
    1.592133599222));
#472 = CARTESIAN_POINT('',(-183.3867522741,-19.85298457006,
    3.152748157802));
#473 = CARTESIAN_POINT('',(-183.3867522741,-19.56633354766,
    4.697396662537));
#474 = CARTESIAN_POINT('',(-183.3867522741,-19.13986518484,
    6.210676589742));
#475 = CARTESIAN_POINT('',(-183.3867522741,-18.57777491088,
    7.677699264815));
#476 = CARTESIAN_POINT('',(-183.3867522741,-17.8861409252,9.084119545535
    ));
#477 = CARTESIAN_POINT('',(-183.3867522741,-16.25583456614,
    11.756360169791));
#478 = CARTESIAN_POINT('',(-183.3867522741,-15.31542496887,
    13.021791636643));
#479 = CARTESIAN_POINT('',(-183.3867522741,-14.26059575552,
    14.198606598329));
#480 = CARTESIAN_POINT('',(-183.3867522741,-13.10154204229,
    15.27461998697));
#481 = CARTESIAN_POINT('',(-183.3867522741,-11.84983867537,
    16.239118718876));
#482 = CARTESIAN_POINT('',(-183.3867522741,-10.51844280787,
    17.08287709749));
#483 = CARTESIAN_POINT('',(-183.3867522741,-8.945354629367,
    17.889103466572));
#484 = CARTESIAN_POINT('',(-183.3867522741,-8.767681118378,
    17.977581152444));
#485 = CARTESIAN_POINT('',(-183.3867522741,-8.588991246226,
    18.063997803032));
#486 = CARTESIAN_POINT('',(-183.3867522741,-8.409313835247,
    18.148339442037));
#487 = CARTESIAN_POINT('',(-183.3867522741,-8.228677935062,
    18.230592606544));
#488 = CARTESIAN_POINT('',(-183.3867522741,-8.047112822576,
    18.310744347029));
#489 = CARTESIAN_POINT('',(-183.3867522741,-7.6987518721,18.459733889635
    ));
#490 = CARTESIAN_POINT('',(-183.3867522741,-7.53211199599,
    18.528938164921));
#491 = CARTESIAN_POINT('',(-183.3867522741,-7.364750546198,
    18.596385708117));
#492 = CARTESIAN_POINT('',(-183.3867522741,-7.196689821911,
    18.662067534313));
#493 = CARTESIAN_POINT('',(-183.3867522741,-7.027952248951,
    18.725975018781));
#494 = CARTESIAN_POINT('',(-183.3867522741,-6.858560379778,
    18.788099896976));
#495 = CARTESIAN_POINT('',(-183.3867522741,-6.544001298341,
    18.899724024044));
#496 = CARTESIAN_POINT('',(-183.3867522741,-6.399009253209,
    18.949719861813));
#497 = CARTESIAN_POINT('',(-183.3867522741,-6.253574688306,
    18.998416922858));
#498 = CARTESIAN_POINT('',(-183.3867522741,-6.107711586415,
    19.045810543128));
#499 = CARTESIAN_POINT('',(-183.3867522741,-5.961433982888,
    19.091896249505));
#500 = CARTESIAN_POINT('',(-183.3867522741,-5.814755965642,
    19.136669759804));
#501 = CARTESIAN_POINT('',(-183.3867522741,-5.451394075224,
    19.244042519288));
#502 = CARTESIAN_POINT('',(-183.3867522741,-5.23426087812,
    19.305110717396));
#503 = CARTESIAN_POINT('',(-183.3867522741,-5.016337089211,
    19.363318560669));
#504 = CARTESIAN_POINT('',(-183.3867522741,-4.797667890227,
    19.418653932576));
#505 = CARTESIAN_POINT('',(-183.3867522741,-4.578298639263,
    19.471105616491));
#506 = CARTESIAN_POINT('',(-183.3867522741,-4.358274870785,
    19.520663295689));
#507 = CARTESIAN_POINT('',(-183.3867522741,-3.555056437793,
    19.690509292817));
#508 = CARTESIAN_POINT('',(-183.3867522741,-2.96822362678,
    19.793457727825));
#509 = CARTESIAN_POINT('',(-183.3867522741,-2.377988353319,
    19.875988483476));
#510 = CARTESIAN_POINT('',(-183.3867522741,-1.785197515331,
    19.937972638665));
#511 = CARTESIAN_POINT('',(-183.3867522741,-1.190700383028,
    19.979324296169));
#512 = CARTESIAN_POINT('',(-183.3867522741,-0.595349139957,20.));
#513 = CARTESIAN_POINT('',(-183.3867522741,-3.552713678801E-15,20.));
#514 = PCURVE('',#356,#515);
#515 = DEFINITIONAL_REPRESENTATION('',(#516),#597);
#516 = B_SPLINE_CURVE_WITH_KNOTS('',7,(#517,#518,#519,#520,#521,#522,
    #523,#524,#525,#526,#527,#528,#529,#530,#531,#532,#533,#534,#535,
    #536,#537,#538,#539,#540,#541,#542,#543,#544,#545,#546,#547,#548,
    #549,#550,#551,#552,#553,#554,#555,#556,#557,#558,#559,#560,#561,
    #562,#563,#564,#565,#566,#567,#568,#569,#570,#571,#572,#573,#574,
    #575,#576,#577,#578,#579,#580,#581,#582,#583,#584,#585,#586,#587,
    #588,#589,#590,#591,#592,#593,#594,#595,#596),.UNSPECIFIED.,.F.,.F.,
  (8,6,6,6,6,6,6,6,6,6,6,6,6,8),(0.,6.738604347724E-02,
    9.252529707598E-02,0.120676883044,0.149829202403,0.324675237832,
    0.500501678103,0.674319132148,0.849164800883,0.871279824656,
    0.891386697006,0.90847938711,0.9336187859,1.),.UNSPECIFIED.);
#517 = CARTESIAN_POINT('',(-1.105559255369E-32,-183.3867522741));
#518 = CARTESIAN_POINT('',(-3.021983389672E-02,-183.3867522741));
#519 = CARTESIAN_POINT('',(-6.043825120893E-02,-183.3867522741));
#520 = CARTESIAN_POINT('',(-9.065660660482E-02,-183.3867522741));
#521 = CARTESIAN_POINT('',(-0.120876001615,-183.3867522741));
#522 = CARTESIAN_POINT('',(-0.151097141926,-183.3867522741));
#523 = CARTESIAN_POINT('',(-0.181320163848,-183.3867522741));
#524 = CARTESIAN_POINT('',(-0.222819991628,-183.3867522741));
#525 = CARTESIAN_POINT('',(-0.234095806135,-183.3867522741));
#526 = CARTESIAN_POINT('',(-0.245371882515,-183.3867522741));
#527 = CARTESIAN_POINT('',(-0.256648227849,-183.3867522741));
#528 = CARTESIAN_POINT('',(-0.267924847239,-183.3867522741));
#529 = CARTESIAN_POINT('',(-0.279201743813,-183.3867522741));
#530 = CARTESIAN_POINT('',(-0.303107390677,-183.3867522741));
#531 = CARTESIAN_POINT('',(-0.315736212933,-183.3867522741));
#532 = CARTESIAN_POINT('',(-0.328365386791,-183.3867522741));
#533 = CARTESIAN_POINT('',(-0.34099491132,-183.3867522741));
#534 = CARTESIAN_POINT('',(-0.353624783358,-183.3867522741));
#535 = CARTESIAN_POINT('',(-0.366254997512,-183.3867522741));
#536 = CARTESIAN_POINT('',(-0.391965085918,-183.3867522741));
#537 = CARTESIAN_POINT('',(-0.405044986119,-183.3867522741));
#538 = CARTESIAN_POINT('',(-0.41812523828,-183.3867522741));
#539 = CARTESIAN_POINT('',(-0.431205832668,-183.3867522741));
#540 = CARTESIAN_POINT('',(-0.444286758302,-183.3867522741));
#541 = CARTESIAN_POINT('',(-0.457368002955,-183.3867522741));
#542 = CARTESIAN_POINT('',(-0.548908394141,-183.3867522741));
#543 = CARTESIAN_POINT('',(-0.627392537253,-183.3867522741));
#544 = CARTESIAN_POINT('',(-0.705873058099,-183.3867522741));
#545 = CARTESIAN_POINT('',(-0.784354185888,-183.3867522741));
#546 = CARTESIAN_POINT('',(-0.862843107592,-183.3867522741));
#547 = CARTESIAN_POINT('',(-0.941345218748,-183.3867522741));
#548 = CARTESIAN_POINT('',(-1.098762075104,-183.3867522741));
#549 = CARTESIAN_POINT('',(-1.177706044424,-183.3867522741));
#550 = CARTESIAN_POINT('',(-1.256639756639,-183.3867522741));
#551 = CARTESIAN_POINT('',(-1.335566808882,-183.3867522741));
#552 = CARTESIAN_POINT('',(-1.414500636205,-183.3867522741));
#553 = CARTESIAN_POINT('',(-1.493445078018,-183.3867522741));
#554 = CARTESIAN_POINT('',(-1.650403104645,-183.3867522741));
#555 = CARTESIAN_POINT('',(-1.728444897065,-183.3867522741));
#556 = CARTESIAN_POINT('',(-1.806476659683,-183.3867522741));
#557 = CARTESIAN_POINT('',(-1.884502019183,-183.3867522741));
#558 = CARTESIAN_POINT('',(-1.962533667569,-183.3867522741));
#559 = CARTESIAN_POINT('',(-2.040574998998,-183.3867522741));
#560 = CARTESIAN_POINT('',(-2.19708992463,-183.3867522741));
#561 = CARTESIAN_POINT('',(-2.275591916372,-183.3867522741));
#562 = CARTESIAN_POINT('',(-2.354080752689,-183.3867522741));
#563 = CARTESIAN_POINT('',(-2.432561846687,-183.3867522741));
#564 = CARTESIAN_POINT('',(-2.511042404384,-183.3867522741));
#565 = CARTESIAN_POINT('',(-2.589526670573,-183.3867522741));
#566 = CARTESIAN_POINT('',(-2.677909465499,-183.3867522741));
#567 = CARTESIAN_POINT('',(-2.687833035234,-183.3867522741));
#568 = CARTESIAN_POINT('',(-2.697756424323,-183.3867522741));
#569 = CARTESIAN_POINT('',(-2.707679627345,-183.3867522741));
#570 = CARTESIAN_POINT('',(-2.717602639227,-183.3867522741));
#571 = CARTESIAN_POINT('',(-2.727525455243,-183.3867522741));
#572 = CARTESIAN_POINT('',(-2.746469665152,-183.3867522741));
#573 = CARTESIAN_POINT('',(-2.755491094093,-183.3867522741));
#574 = CARTESIAN_POINT('',(-2.764512354564,-183.3867522741));
#575 = CARTESIAN_POINT('',(-2.773533443741,-183.3867522741));
#576 = CARTESIAN_POINT('',(-2.78255435925,-183.3867522741));
#577 = CARTESIAN_POINT('',(-2.791575099174,-183.3867522741));
#578 = CARTESIAN_POINT('',(-2.808263969826,-183.3867522741));
#579 = CARTESIAN_POINT('',(-2.81593214983,-183.3867522741));
#580 = CARTESIAN_POINT('',(-2.823600201181,-183.3867522741));
#581 = CARTESIAN_POINT('',(-2.831268123344,-183.3867522741));
#582 = CARTESIAN_POINT('',(-2.838935916119,-183.3867522741));
#583 = CARTESIAN_POINT('',(-2.84660357965,-183.3867522741));
#584 = CARTESIAN_POINT('',(-2.865548286885,-183.3867522741));
#585 = CARTESIAN_POINT('',(-2.876825181321,-183.3867522741));
#586 = CARTESIAN_POINT('',(-2.88810179917,-183.3867522741));
#587 = CARTESIAN_POINT('',(-2.899378143866,-183.3867522741));
#588 = CARTESIAN_POINT('',(-2.91065422083,-183.3867522741));
#589 = CARTESIAN_POINT('',(-2.921930037475,-183.3867522741));
#590 = CARTESIAN_POINT('',(-2.962979017786,-183.3867522741));
#591 = CARTESIAN_POINT('',(-2.992750786836,-183.3867522741));
#592 = CARTESIAN_POINT('',(-3.022520905802,-183.3867522741));
#593 = CARTESIAN_POINT('',(-3.052289694534,-183.3867522741));
#594 = CARTESIAN_POINT('',(-3.082057634783,-183.3867522741));
#595 = CARTESIAN_POINT('',(-3.111825196592,-183.3867522741));
#596 = CARTESIAN_POINT('',(-3.14159265359,-183.3867522741));
#597 = ( GEOMETRIC_REPRESENTATION_CONTEXT(2) 
PARAMETRIC_REPRESENTATION_CONTEXT() REPRESENTATION_CONTEXT('2D SPACE',''
  ) );
#598 = PCURVE('',#599,#604);
#599 = SPHERICAL_SURFACE('',#600,26.);
#600 = AXIS2_PLACEMENT_3D('',#601,#602,#603);
#601 = CARTESIAN_POINT('',(-200.,0.,0.));
#602 = DIRECTION('',(0.,0.,1.));
#603 = DIRECTION('',(1.,0.,0.));
#604 = DEFINITIONAL_REPRESENTATION('',(#605),#686);
#605 = B_SPLINE_CURVE_WITH_KNOTS('',7,(#606,#607,#608,#609,#610,#611,
    #612,#613,#614,#615,#616,#617,#618,#619,#620,#621,#622,#623,#624,
    #625,#626,#627,#628,#629,#630,#631,#632,#633,#634,#635,#636,#637,
    #638,#639,#640,#641,#642,#643,#644,#645,#646,#647,#648,#649,#650,
    #651,#652,#653,#654,#655,#656,#657,#658,#659,#660,#661,#662,#663,
    #664,#665,#666,#667,#668,#669,#670,#671,#672,#673,#674,#675,#676,
    #677,#678,#679,#680,#681,#682,#683,#684,#685),.UNSPECIFIED.,.F.,.F.,
  (8,6,6,6,6,6,6,6,6,6,6,6,6,8),(0.,6.738604347724E-02,
    9.252529707598E-02,0.120676883044,0.149829202403,0.324675237832,
    0.500501678103,0.674319132148,0.849164800883,0.871279824656,
    0.891386697006,0.90847938711,0.9336187859,1.),.UNSPECIFIED.);
#606 = CARTESIAN_POINT('',(6.28318530718,-0.877636419218));
#607 = CARTESIAN_POINT('',(6.246804902342,-0.877636419218));
#608 = CARTESIAN_POINT('',(6.210426257233,-0.876353788377));
#609 = CARTESIAN_POINT('',(6.17425899602,-0.873788670645));
#610 = CARTESIAN_POINT('',(6.138514015888,-0.869956440252));
#611 = CARTESIAN_POINT('',(6.103384663946,-0.864887260323));
#612 = CARTESIAN_POINT('',(6.069035292623,-0.858623756631));
#613 = CARTESIAN_POINT('',(6.02312266903,-0.848453545923));
#614 = CARTESIAN_POINT('',(6.010774888123,-0.845531113796));
#615 = CARTESIAN_POINT('',(5.99856063738,-0.842452173785));
#616 = CARTESIAN_POINT('',(5.986486051973,-0.839219507476));
#617 = CARTESIAN_POINT('',(5.974556615715,-0.83583601438));
#618 = CARTESIAN_POINT('',(5.962777161049,-0.832304711929));
#619 = CARTESIAN_POINT('',(5.938133566599,-0.824512282034));
#620 = CARTESIAN_POINT('',(5.925308617961,-0.820214368745));
#621 = CARTESIAN_POINT('',(5.912682837113,-0.815739402696));
#622 = CARTESIAN_POINT('',(5.900261118483,-0.81109185163));
#623 = CARTESIAN_POINT('',(5.888047436955,-0.806276243945));
#624 = CARTESIAN_POINT('',(5.876044847875,-0.801297168693));
#625 = CARTESIAN_POINT('',(5.852047037673,-0.790838740507));
#626 = CARTESIAN_POINT('',(5.840067331343,-0.785347858292));
#627 = CARTESIAN_POINT('',(5.828318708641,-0.77969178119));
#628 = CARTESIAN_POINT('',(5.816802727077,-0.773875616025));
#629 = CARTESIAN_POINT('',(5.80552016109,-0.7679044242));
#630 = CARTESIAN_POINT('',(5.794471002046,-0.761783221691));
#631 = CARTESIAN_POINT('',(5.718780381543,-0.71793411407));
#632 = CARTESIAN_POINT('',(5.662263546988,-0.675126169968));
#633 = CARTESIAN_POINT('',(5.613990852482,-0.628169411674));
#634 = CARTESIAN_POINT('',(5.572968863981,-0.578013900185));
#635 = CARTESIAN_POINT('',(5.53829204489,-0.525330686339));
#636 = CARTESIAN_POINT('',(5.509199748418,-0.470662388937));
#637 = CARTESIAN_POINT('',(5.460854461244,-0.357948062004));
#638 = CARTESIAN_POINT('',(5.441649197382,-0.299864032728));
#639 = CARTESIAN_POINT('',(5.426874375784,-0.240671172632));
#640 = CARTESIAN_POINT('',(5.416084817669,-0.180704285273));
#641 = CARTESIAN_POINT('',(5.408999064296,-0.120230993792));
#642 = CARTESIAN_POINT('',(5.405488254578,-5.950092991333E-02));
#643 = CARTESIAN_POINT('',(5.40561004654,6.123595221807E-02));
#644 = CARTESIAN_POINT('',(5.409161530203,0.12126454543));
#645 = CARTESIAN_POINT('',(5.416209610952,0.181038231568));
#646 = CARTESIAN_POINT('',(5.426880639979,0.240315350964));
#647 = CARTESIAN_POINT('',(5.441446608284,0.298836751617));
#648 = CARTESIAN_POINT('',(5.460335700648,0.356279343025));
#649 = CARTESIAN_POINT('',(5.508061955959,0.46845338272));
#650 = CARTESIAN_POINT('',(5.536965416825,0.523187005834));
#651 = CARTESIAN_POINT('',(5.571432313772,0.575950453004));
#652 = CARTESIAN_POINT('',(5.612220284944,0.626204408975));
#653 = CARTESIAN_POINT('',(5.660231825646,0.673281945284));
#654 = CARTESIAN_POINT('',(5.716464258806,0.716238699298));
#655 = CARTESIAN_POINT('',(5.789218529593,0.758777225608));
#656 = CARTESIAN_POINT('',(5.797521292383,0.763470527747));
#657 = CARTESIAN_POINT('',(5.805958226269,0.768078688823));
#658 = CARTESIAN_POINT('',(5.814529448057,0.77259953152));
#659 = CARTESIAN_POINT('',(5.823234831127,0.777030858793));
#660 = CARTESIAN_POINT('',(5.832074005432,0.781370453876));
#661 = CARTESIAN_POINT('',(5.849203976483,0.789476183205));
#662 = CARTESIAN_POINT('',(5.85747166706,0.793258614488));
#663 = CARTESIAN_POINT('',(5.865848962638,0.796961692654));
#664 = CARTESIAN_POINT('',(5.874335181003,0.800583739626));
#665 = CARTESIAN_POINT('',(5.882929424317,0.804123080724));
#666 = CARTESIAN_POINT('',(5.891630579121,0.807578044661));
#667 = CARTESIAN_POINT('',(5.907923852647,0.813810854334));
#668 = CARTESIAN_POINT('',(5.915486681445,0.816612568218));
#669 = CARTESIAN_POINT('',(5.92312498145,0.819351081301));
#670 = CARTESIAN_POINT('',(5.930837800689,0.822025381732));
#671 = CARTESIAN_POINT('',(5.938624056501,0.824634469713));
#672 = CARTESIAN_POINT('',(5.946482535533,0.827177357497));
#673 = CARTESIAN_POINT('',(5.966074148008,0.833294269698));
#674 = CARTESIAN_POINT('',(5.977889719509,0.836790175019));
#675 = CARTESIAN_POINT('',(5.989854323322,0.840137662628));
#676 = CARTESIAN_POINT('',(6.001963022993,0.843333730949));
#677 = CARTESIAN_POINT('',(6.014210230541,0.846375499554));
#678 = CARTESIAN_POINT('',(6.026589706453,0.849260209163));
#679 = CARTESIAN_POINT('',(6.072113938821,0.859180685555));
#680 = CARTESIAN_POINT('',(6.106007586082,0.865262787535));
#681 = CARTESIAN_POINT('',(6.140648727163,0.87018357088));
#682 = CARTESIAN_POINT('',(6.175879252095,0.873902782928));
#683 = CARTESIAN_POINT('',(6.211513612477,0.876391899904));
#684 = CARTESIAN_POINT('',(6.247349500131,0.877636419218));
#685 = CARTESIAN_POINT('',(6.28318530718,0.877636419218));
#686 = ( GEOMETRIC_REPRESENTATION_CONTEXT(2) 
PARAMETRIC_REPRESENTATION_CONTEXT() REPRESENTATION_CONTEXT('2D SPACE',''
  ) );
#687 = ORIENTED_EDGE('',*,*,#688,.T.);
#688 = EDGE_CURVE('',#430,#407,#689,.T.);
#689 = SURFACE_CURVE('',#690,(#741,#795),.PCURVE_S1.);
#690 = B_SPLINE_CURVE_WITH_KNOTS('',7,(#691,#692,#693,#694,#695,#696,
    #697,#698,#699,#700,#701,#702,#703,#704,#705,#706,#707,#708,#709,
    #710,#711,#712,#713,#714,#715,#716,#717,#718,#719,#720,#721,#722,
    #723,#724,#725,#726,#727,#728,#729,#730,#731,#732,#733,#734,#735,
    #736,#737,#738,#739,#740),.UNSPECIFIED.,.F.,.F.,(8,6,6,6,6,6,6,6,8),
  (0.,0.12569924125,0.250821514592,0.37591502718,0.500502337525,
    0.625591990823,0.750183249752,0.875305961798,1.),.UNSPECIFIED.);
#691 = CARTESIAN_POINT('',(-183.3867522741,-4.069072130177E-15,20.));
#692 = CARTESIAN_POINT('',(-183.3867522741,1.1273769374,20.));
#693 = CARTESIAN_POINT('',(-183.3867522741,2.254811911096,
    19.925859514128));
#694 = CARTESIAN_POINT('',(-183.3867522741,3.37641803567,19.777565234308
    ));
#695 = CARTESIAN_POINT('',(-183.3867522741,4.486416603265,
    19.555693188159));
#696 = CARTESIAN_POINT('',(-183.3867522741,5.579102137307,
    19.261344333732));
#697 = CARTESIAN_POINT('',(-183.3867522741,6.648843498363,
    18.896170035895));
#698 = CARTESIAN_POINT('',(-183.3867522741,8.726610389411,
    18.030723206727));
#699 = CARTESIAN_POINT('',(-183.3867522741,9.734999073711,17.53103584576
    ));
#700 = CARTESIAN_POINT('',(-183.3867522741,10.709822866731,
    16.965615999764));
#701 = CARTESIAN_POINT('',(-183.3867522741,11.645956231171,
    16.337214425392));
#702 = CARTESIAN_POINT('',(-183.3867522741,12.538577276988,
    15.649044779614));
#703 = CARTESIAN_POINT('',(-183.3867522741,13.383173649548,
    14.904780124984));
#704 = CARTESIAN_POINT('',(-183.3867522741,14.967814222212,
    13.312616756408));
#705 = CARTESIAN_POINT('',(-183.3867522741,15.707961481406,
    12.464662481642));
#706 = CARTESIAN_POINT('',(-183.3867522741,16.39185512819,
    11.568905760342));
#707 = CARTESIAN_POINT('',(-183.3867522741,17.015837922858,
    10.629855027077));
#708 = CARTESIAN_POINT('',(-183.3867522741,17.576709470381,
    9.652322218033));
#709 = CARTESIAN_POINT('',(-183.3867522741,18.071727064995,
    8.641418831433));
#710 = CARTESIAN_POINT('',(-183.3867522741,18.923875197264,6.56796754372
    ));
#711 = CARTESIAN_POINT('',(-183.3867522741,19.28159641808,5.505545861641
    ));
#712 = CARTESIAN_POINT('',(-183.3867522741,19.569607542434,
    4.420696627187));
#713 = CARTESIAN_POINT('',(-183.3867522741,19.786281192344,
    3.318911661171));
#714 = CARTESIAN_POINT('',(-183.3867522741,19.93051680905,2.205787624232
    ));
#715 = CARTESIAN_POINT('',(-183.3867522741,20.001740995601,
    1.087022645125));
#716 = CARTESIAN_POINT('',(-183.3867522741,19.9982020389,-1.15468045284)
  );
#717 = CARTESIAN_POINT('',(-183.3867522741,19.922848936756,
    -2.27772536442));
#718 = CARTESIAN_POINT('',(-183.3867522741,19.773912608136,
    -3.394827652422));
#719 = CARTESIAN_POINT('',(-183.3867522741,19.551994178155,
    -4.500222017806));
#720 = CARTESIAN_POINT('',(-183.3867522741,19.258229909404,
    -5.588248326664));
#721 = CARTESIAN_POINT('',(-183.3867522741,18.894290841716,
    -6.653355072402));
#722 = CARTESIAN_POINT('',(-183.3867522741,18.032332180033,
    -8.722747562313));
#723 = CARTESIAN_POINT('',(-183.3867522741,17.534811293879,
    -9.727357857246));
#724 = CARTESIAN_POINT('',(-183.3867522741,16.972112968327,
    -10.69857764958));
#725 = CARTESIAN_POINT('',(-183.3867522741,16.346968707025,
    -11.63136846875));
#726 = CARTESIAN_POINT('',(-183.3867522741,15.662559407203,
    -12.52098851598));
#727 = CARTESIAN_POINT('',(-183.3867522741,14.922514537164,
    -13.3629965196));
#728 = CARTESIAN_POINT('',(-183.3867522741,13.336045457487,
    -14.94696303163));
#729 = CARTESIAN_POINT('',(-183.3867522741,12.48910199734,
    -15.68855824663));
#730 = CARTESIAN_POINT('',(-183.3867522741,11.594311616893,
    -16.37390646317));
#731 = CARTESIAN_POINT('',(-183.3867522741,10.656198511724,
    -16.99934890752));
#732 = CARTESIAN_POINT('',(-183.3867522741,9.679594890259,
    -17.56168732223));
#733 = CARTESIAN_POINT('',(-183.3867522741,8.669634991138,
    -18.05818739861));
#734 = CARTESIAN_POINT('',(-183.3867522741,6.597491709694,-18.913624257)
  );
#735 = CARTESIAN_POINT('',(-183.3867522741,5.535398450298,
    -19.27306803673));
#736 = CARTESIAN_POINT('',(-183.3867522741,4.450903395447,
    -19.56276273827));
#737 = CARTESIAN_POINT('',(-183.3867522741,3.349506483757,
    -19.78110897543));
#738 = CARTESIAN_POINT('',(-183.3867522741,2.236778732647,
    -19.92704054912));
#739 = CARTESIAN_POINT('',(-183.3867522741,1.118361529672,-20.));
#740 = CARTESIAN_POINT('',(-183.3867522741,2.735698711445E-14,-20.));
#741 = PCURVE('',#356,#742);
#742 = DEFINITIONAL_REPRESENTATION('',(#743),#794);
#743 = B_SPLINE_CURVE_WITH_KNOTS('',7,(#744,#745,#746,#747,#748,#749,
    #750,#751,#752,#753,#754,#755,#756,#757,#758,#759,#760,#761,#762,
    #763,#764,#765,#766,#767,#768,#769,#770,#771,#772,#773,#774,#775,
    #776,#777,#778,#779,#780,#781,#782,#783,#784,#785,#786,#787,#788,
    #789,#790,#791,#792,#793),.UNSPECIFIED.,.F.,.F.,(8,6,6,6,6,6,6,6,8),
  (0.,0.12569924125,0.250821514592,0.37591502718,0.500502337525,
    0.625591990823,0.750183249752,0.875305961798,1.),.UNSPECIFIED.);
#744 = CARTESIAN_POINT('',(-3.14159265359,-183.3867522741));
#745 = CARTESIAN_POINT('',(-3.19796150046,-183.3867522741));
#746 = CARTESIAN_POINT('',(-3.254333248855,-183.3867522741));
#747 = CARTESIAN_POINT('',(-3.310706101983,-183.3867522741));
#748 = CARTESIAN_POINT('',(-3.367083790635,-183.3867522741));
#749 = CARTESIAN_POINT('',(-3.423469885001,-183.3867522741));
#750 = CARTESIAN_POINT('',(-3.479865587511,-183.3867522741));
#751 = CARTESIAN_POINT('',(-3.59240572999,-183.3867522741));
#752 = CARTESIAN_POINT('',(-3.64855565759,-183.3867522741));
#753 = CARTESIAN_POINT('',(-3.704709204466,-183.3867522741));
#754 = CARTESIAN_POINT('',(-3.760866022707,-183.3867522741));
#755 = CARTESIAN_POINT('',(-3.817027610756,-183.3867522741));
#756 = CARTESIAN_POINT('',(-3.873193748871,-183.3867522741));
#757 = CARTESIAN_POINT('',(-3.985511044253,-183.3867522741));
#758 = CARTESIAN_POINT('',(-4.041667755484,-183.3867522741));
#759 = CARTESIAN_POINT('',(-4.097823684988,-183.3867522741));
#760 = CARTESIAN_POINT('',(-4.153979122831,-183.3867522741));
#761 = CARTESIAN_POINT('',(-4.2101362921,-183.3867522741));
#762 = CARTESIAN_POINT('',(-4.266295715479,-183.3867522741));
#763 = CARTESIAN_POINT('',(-4.378382252158,-183.3867522741));
#764 = CARTESIAN_POINT('',(-4.434314705033,-183.3867522741));
#765 = CARTESIAN_POINT('',(-4.49024528486,-183.3867522741));
#766 = CARTESIAN_POINT('',(-4.546174649042,-183.3867522741));
#767 = CARTESIAN_POINT('',(-4.602105246485,-183.3867522741));
#768 = CARTESIAN_POINT('',(-4.658037779088,-183.3867522741));
#769 = CARTESIAN_POINT('',(-4.770123073659,-183.3867522741));
#770 = CARTESIAN_POINT('',(-4.826281171921,-183.3867522741));
#771 = CARTESIAN_POINT('',(-4.882437296091,-183.3867522741));
#772 = CARTESIAN_POINT('',(-4.938592161762,-183.3867522741));
#773 = CARTESIAN_POINT('',(-4.994748266338,-183.3867522741));
#774 = CARTESIAN_POINT('',(-5.050906279151,-183.3867522741));
#775 = CARTESIAN_POINT('',(-5.162992830661,-183.3867522741));
#776 = CARTESIAN_POINT('',(-5.218926711541,-183.3867522741));
#777 = CARTESIAN_POINT('',(-5.274858369883,-183.3867522741));
#778 = CARTESIAN_POINT('',(-5.330788312209,-183.3867522741));
#779 = CARTESIAN_POINT('',(-5.386718710091,-183.3867522741));
#780 = CARTESIAN_POINT('',(-5.442649838161,-183.3867522741));
#781 = CARTESIAN_POINT('',(-5.554741698392,-183.3867522741));
#782 = CARTESIAN_POINT('',(-5.610907919705,-183.3867522741));
#783 = CARTESIAN_POINT('',(-5.667069555846,-183.3867522741));
#784 = CARTESIAN_POINT('',(-5.723226379219,-183.3867522741));
#785 = CARTESIAN_POINT('',(-5.77937988469,-183.3867522741));
#786 = CARTESIAN_POINT('',(-5.835529727073,-183.3867522741));
#787 = CARTESIAN_POINT('',(-5.947618419606,-183.3867522741));
#788 = CARTESIAN_POINT('',(-6.003562753693,-183.3867522741));
#789 = CARTESIAN_POINT('',(-6.059497686836,-183.3867522741));
#790 = CARTESIAN_POINT('',(-6.115424398767,-183.3867522741));
#791 = CARTESIAN_POINT('',(-6.171346370825,-183.3867522741));
#792 = CARTESIAN_POINT('',(-6.227267230696,-183.3867522741));
#793 = CARTESIAN_POINT('',(-6.28318530718,-183.3867522741));
#794 = ( GEOMETRIC_REPRESENTATION_CONTEXT(2) 
PARAMETRIC_REPRESENTATION_CONTEXT() REPRESENTATION_CONTEXT('2D SPACE',''
  ) );
#795 = PCURVE('',#599,#796);
#796 = DEFINITIONAL_REPRESENTATION('',(#797),#848);
#797 = B_SPLINE_CURVE_WITH_KNOTS('',7,(#798,#799,#800,#801,#802,#803,
    #804,#805,#806,#807,#808,#809,#810,#811,#812,#813,#814,#815,#816,
    #817,#818,#819,#820,#821,#822,#823,#824,#825,#826,#827,#828,#829,
    #830,#831,#832,#833,#834,#835,#836,#837,#838,#839,#840,#841,#842,
    #843,#844,#845,#846,#847),.UNSPECIFIED.,.F.,.F.,(8,6,6,6,6,6,6,6,8),
  (0.,0.12569924125,0.250821514592,0.37591502718,0.500502337525,
    0.625591990823,0.750183249752,0.875305961798,1.),.UNSPECIFIED.);
#798 = CARTESIAN_POINT('',(0.,0.877636419218));
#799 = CARTESIAN_POINT('',(6.786011717905E-02,0.877636419218));
#800 = CARTESIAN_POINT('',(0.135722893531,0.873173711587));
#801 = CARTESIAN_POINT('',(0.20221946743,0.864247373265));
#802 = CARTESIAN_POINT('',(0.265956937327,0.85104313202));
#803 = CARTESIAN_POINT('',(0.325997638018,0.833931800273));
#804 = CARTESIAN_POINT('',(0.381904567185,0.81332381194));
#805 = CARTESIAN_POINT('',(0.484902337971,0.766049129262));
#806 = CARTESIAN_POINT('',(0.53203854295,0.739407969515));
#807 = CARTESIAN_POINT('',(0.574777681226,0.710115979099));
#808 = CARTESIAN_POINT('',(0.613284602298,0.67856950249));
#809 = CARTESIAN_POINT('',(0.647851521603,0.645113108212));
#810 = CARTESIAN_POINT('',(0.67878773433,0.610031686336));
#811 = CARTESIAN_POINT('',(0.733984673991,0.537127499329));
#812 = CARTESIAN_POINT('',(0.758249441876,0.499301404679));
#813 = CARTESIAN_POINT('',(0.779480000228,0.460345085322));
#814 = CARTESIAN_POINT('',(0.797958865878,0.420458341114));
#815 = CARTESIAN_POINT('',(0.813925995882,0.379804896455));
#816 = CARTESIAN_POINT('',(0.827570669424,0.338524246194));
#817 = CARTESIAN_POINT('',(0.850470918802,0.255131337139));
#818 = CARTESIAN_POINT('',(0.859744876039,0.21301912621));
#819 = CARTESIAN_POINT('',(0.867013486168,0.170531556347));
#820 = CARTESIAN_POINT('',(0.872384822814,0.127772797312));
#821 = CARTESIAN_POINT('',(0.875928828036,8.483540571567E-02));
#822 = CARTESIAN_POINT('',(0.877679205659,4.180859469876E-02));
#823 = CARTESIAN_POINT('',(0.877592232803,-4.44108187973E-02));
#824 = CARTESIAN_POINT('',(0.875740384894,-8.760750820738E-02));
#825 = CARTESIAN_POINT('',(0.872079267215,-0.130710024128));
#826 = CARTESIAN_POINT('',(0.866573495471,-0.173627952747));
#827 = CARTESIAN_POINT('',(0.859150787757,-0.2162673456));
#828 = CARTESIAN_POINT('',(0.849700007867,-0.258522259174));
#829 = CARTESIAN_POINT('',(0.826485852455,-0.341842175058));
#830 = CARTESIAN_POINT('',(0.812738951738,-0.382915238046));
#831 = CARTESIAN_POINT('',(0.796677765455,-0.42335841121));
#832 = CARTESIAN_POINT('',(0.778113371134,-0.463032846779));
#833 = CARTESIAN_POINT('',(0.756806913373,-0.501775541772));
#834 = CARTESIAN_POINT('',(0.732477914608,-0.539387706563));
#835 = CARTESIAN_POINT('',(0.677070565815,-0.612012783247));
#836 = CARTESIAN_POINT('',(0.645961334877,-0.647017863603));
#837 = CARTESIAN_POINT('',(0.611209087552,-0.680386597768));
#838 = CARTESIAN_POINT('',(0.572504810017,-0.711832494679));
#839 = CARTESIAN_POINT('',(0.529558709019,-0.741009212998));
#840 = CARTESIAN_POINT('',(0.482211688799,-0.76751896204));
#841 = CARTESIAN_POINT('',(0.379218024837,-0.814309285931));
#842 = CARTESIAN_POINT('',(0.323594368733,-0.834613535305));
#843 = CARTESIAN_POINT('',(0.263917069119,-0.851463885354));
#844 = CARTESIAN_POINT('',(0.200623664759,-0.864460693577));
#845 = CARTESIAN_POINT('',(0.13463746919,-0.873244797875));
#846 = CARTESIAN_POINT('',(6.731745340395E-02,-0.877636419218));
#847 = CARTESIAN_POINT('',(1.7763568394E-15,-0.877636419218));
#848 = ( GEOMETRIC_REPRESENTATION_CONTEXT(2) 
PARAMETRIC_REPRESENTATION_CONTEXT() REPRESENTATION_CONTEXT('2D SPACE',''
  ) );
#849 = ORIENTED_EDGE('',*,*,#406,.F.);
#850 = ORIENTED_EDGE('',*,*,#851,.T.);
#851 = EDGE_CURVE('',#347,#345,#852,.T.);
#852 = SURFACE_CURVE('',#853,(#858,#878),.PCURVE_S1.);
#853 = ELLIPSE('',#854,40.,20.);
#854 = AXIS2_PLACEMENT_3D('',#855,#856,#857);
#855 = CARTESIAN_POINT('',(0.,0.,0.));
#856 = DIRECTION('',(0.5,0.866025403784,-1.110223024625E-16));
#857 = DIRECTION('',(0.866025403784,-0.5,-6.409875621279E-17));
#858 = PCURVE('',#356,#859);
#859 = DEFINITIONAL_REPRESENTATION('',(#860),#877);
#860 = B_SPLINE_CURVE_WITH_KNOTS('',8,(#861,#862,#863,#864,#865,#866,
    #867,#868,#869,#870,#871,#872,#873,#874,#875,#876),.UNSPECIFIED.,.F.
  ,.F.,(9,7,9),(1.570796309305,3.141592644983,4.712388980661),
  .UNSPECIFIED.);
#861 = CARTESIAN_POINT('',(-6.283185324669,6.058664327276E-07));
#862 = CARTESIAN_POINT('',(-6.08683578271,-6.801747048477));
#863 = CARTESIAN_POINT('',(-5.89048624075,-13.60349634444));
#864 = CARTESIAN_POINT('',(-5.694136698789,-20.00564579204));
#865 = CARTESIAN_POINT('',(-5.497787156833,-25.6086739976));
#866 = CARTESIAN_POINT('',(-5.301437614872,-30.06209873568));
#867 = CARTESIAN_POINT('',(-5.105088072912,-33.11470596443));
#868 = CARTESIAN_POINT('',(-4.908738530951,-34.64101609283));
#869 = CARTESIAN_POINT('',(-4.516039447032,-34.64101620991));
#870 = CARTESIAN_POINT('',(-4.319689905075,-33.1147061986));
#871 = CARTESIAN_POINT('',(-4.123340363114,-30.06209908009));
#872 = CARTESIAN_POINT('',(-3.926990821166,-25.60867443835));
#873 = CARTESIAN_POINT('',(-3.730641279191,-20.00564630951));
#874 = CARTESIAN_POINT('',(-3.534291737234,-13.60349691446));
#875 = CARTESIAN_POINT('',(-3.337942195273,-6.801747644768));
#876 = CARTESIAN_POINT('',(-3.141592653313,9.575363257843E-09));
#877 = ( GEOMETRIC_REPRESENTATION_CONTEXT(2) 
PARAMETRIC_REPRESENTATION_CONTEXT() REPRESENTATION_CONTEXT('2D SPACE',''
  ) );
#878 = PCURVE('',#879,#884);
#879 = CYLINDRICAL_SURFACE('',#880,20.);
#880 = AXIS2_PLACEMENT_3D('',#881,#882,#883);
#881 = CARTESIAN_POINT('',(0.,0.,0.));
#882 = DIRECTION('',(0.5,-0.866025403784,-0.));
#883 = DIRECTION('',(5.577813053751E-18,3.220351868073E-18,-1.));
#884 = DEFINITIONAL_REPRESENTATION('',(#885),#902);
#885 = B_SPLINE_CURVE_WITH_KNOTS('',8,(#886,#887,#888,#889,#890,#891,
    #892,#893,#894,#895,#896,#897,#898,#899,#900,#901),.UNSPECIFIED.,.F.
  ,.F.,(9,7,9),(1.570796309305,3.141592644983,4.712388980661),
  .UNSPECIFIED.);
#886 = CARTESIAN_POINT('',(1.748985756223E-08,6.058664327276E-07));
#887 = CARTESIAN_POINT('',(-0.19634952447,-6.801747048477));
#888 = CARTESIAN_POINT('',(-0.392699066429,-13.60349634444));
#889 = CARTESIAN_POINT('',(-0.589048608392,-20.00564579213));
#890 = CARTESIAN_POINT('',(-0.785398150343,-25.60867399754));
#891 = CARTESIAN_POINT('',(-0.981747692309,-30.06209873576));
#892 = CARTESIAN_POINT('',(-1.178097234268,-33.11470596443));
#893 = CARTESIAN_POINT('',(-1.374446776228,-34.64101609283));
#894 = CARTESIAN_POINT('',(-1.767145860148,-34.64101620991));
#895 = CARTESIAN_POINT('',(-1.963495402103,-33.11470619857));
#896 = CARTESIAN_POINT('',(-2.159844944076,-30.06209908021));
#897 = CARTESIAN_POINT('',(-2.356194485994,-25.60867443817));
#898 = CARTESIAN_POINT('',(-2.552544027993,-20.00564630962));
#899 = CARTESIAN_POINT('',(-2.748893569943,-13.60349691445));
#900 = CARTESIAN_POINT('',(-2.945243111906,-6.801747644768));
#901 = CARTESIAN_POINT('',(-3.141592653866,9.575363257843E-09));
#902 = ( GEOMETRIC_REPRESENTATION_CONTEXT(2) 
PARAMETRIC_REPRESENTATION_CONTEXT() REPRESENTATION_CONTEXT('2D SPACE',''
  ) );
#903 = ADVANCED_FACE('',(#904),#381,.T.);
#904 = FACE_BOUND('',#905,.F.);
#905 = EDGE_LOOP('',(#906,#907,#960,#983,#1438));
#906 = ORIENTED_EDGE('',*,*,#344,.F.);
#907 = ORIENTED_EDGE('',*,*,#908,.T.);
#908 = EDGE_CURVE('',#345,#347,#909,.T.);
#909 = SURFACE_CURVE('',#910,(#915,#935),.PCURVE_S1.);
#910 = ELLIPSE('',#911,40.,20.);
#911 = AXIS2_PLACEMENT_3D('',#912,#913,#914);
#912 = CARTESIAN_POINT('',(0.,0.,0.));
#913 = DIRECTION('',(1.,-2.22044604925E-16,0.));
#914 = DIRECTION('',(2.22044604925E-16,1.,-1.281975124256E-16));
#915 = PCURVE('',#381,#916);
#916 = DEFINITIONAL_REPRESENTATION('',(#917),#934);
#917 = B_SPLINE_CURVE_WITH_KNOTS('',8,(#918,#919,#920,#921,#922,#923,
    #924,#925,#926,#927,#928,#929,#930,#931,#932,#933),.UNSPECIFIED.,.F.
  ,.F.,(9,7,9),(1.570796310731,3.141592652053,4.712388993375),
  .UNSPECIFIED.);
#918 = CARTESIAN_POINT('',(-3.141592669653,5.564544296657E-07));
#919 = CARTESIAN_POINT('',(-2.945243126988,-6.801747122327));
#920 = CARTESIAN_POINT('',(-2.74889358432,-13.60349644057));
#921 = CARTESIAN_POINT('',(-2.552544041664,-20.00564590387));
#922 = CARTESIAN_POINT('',(-2.35619449898,-25.60867411471));
#923 = CARTESIAN_POINT('',(-2.159844956331,-30.06209884415));
#924 = CARTESIAN_POINT('',(-1.963495413659,-33.11470604967));
#925 = CARTESIAN_POINT('',(-1.767145870997,-34.64101614092));
#926 = CARTESIAN_POINT('',(-1.374446785666,-34.64101616182));
#927 = CARTESIAN_POINT('',(-1.178097243001,-33.11470609145));
#928 = CARTESIAN_POINT('',(-0.981747700336,-30.06209890577));
#929 = CARTESIAN_POINT('',(-0.785398157671,-25.60867419336));
#930 = CARTESIAN_POINT('',(-0.589048615004,-20.00564599635));
#931 = CARTESIAN_POINT('',(-0.392699072341,-13.60349654233));
#932 = CARTESIAN_POINT('',(-0.196349529675,-6.801747228782));
#933 = CARTESIAN_POINT('',(1.299038032698E-08,4.499999683561E-07));
#934 = ( GEOMETRIC_REPRESENTATION_CONTEXT(2) 
PARAMETRIC_REPRESENTATION_CONTEXT() REPRESENTATION_CONTEXT('2D SPACE',''
  ) );
#935 = PCURVE('',#936,#941);
#936 = CYLINDRICAL_SURFACE('',#937,20.);
#937 = AXIS2_PLACEMENT_3D('',#938,#939,#940);
#938 = CARTESIAN_POINT('',(0.,0.,0.));
#939 = DIRECTION('',(-0.5,0.866025403784,-1.110223024625E-16));
#940 = DIRECTION('',(9.070381091856E-17,-7.582964277522E-17,-1.));
#941 = DEFINITIONAL_REPRESENTATION('',(#942),#959);
#942 = B_SPLINE_CURVE_WITH_KNOTS('',8,(#943,#944,#945,#946,#947,#948,
    #949,#950,#951,#952,#953,#954,#955,#956,#957,#958),.UNSPECIFIED.,.F.
  ,.F.,(9,7,9),(1.570796310731,3.141592652053,4.712388993375),
  .UNSPECIFIED.);
#943 = CARTESIAN_POINT('',(-3.141592637526,5.564544296657E-07));
#944 = CARTESIAN_POINT('',(-3.337942180192,-6.801747122327));
#945 = CARTESIAN_POINT('',(-3.534291722856,-13.6034964405));
#946 = CARTESIAN_POINT('',(-3.73064126553,-20.00564590407));
#947 = CARTESIAN_POINT('',(-3.926990808171,-25.60867411439));
#948 = CARTESIAN_POINT('',(-4.12334035086,-30.06209884437));
#949 = CARTESIAN_POINT('',(-4.319689893518,-33.11470604959));
#950 = CARTESIAN_POINT('',(-4.516039436183,-34.64101614092));
#951 = CARTESIAN_POINT('',(-4.908738521513,-34.64101616182));
#952 = CARTESIAN_POINT('',(-5.105088064179,-33.11470609145));
#953 = CARTESIAN_POINT('',(-5.301437606843,-30.06209890572));
#954 = CARTESIAN_POINT('',(-5.497787149512,-25.60867419336));
#955 = CARTESIAN_POINT('',(-5.694136692174,-20.00564599635));
#956 = CARTESIAN_POINT('',(-5.89048623484,-13.60349654234));
#957 = CARTESIAN_POINT('',(-6.086835777505,-6.801747228782));
#958 = CARTESIAN_POINT('',(-6.28318532017,4.499999683561E-07));
#959 = ( GEOMETRIC_REPRESENTATION_CONTEXT(2) 
PARAMETRIC_REPRESENTATION_CONTEXT() REPRESENTATION_CONTEXT('2D SPACE',''
  ) );
#960 = ORIENTED_EDGE('',*,*,#961,.T.);
#961 = EDGE_CURVE('',#347,#962,#964,.T.);
#962 = VERTEX_POINT('',#963);
#963 = CARTESIAN_POINT('',(-91.69337613708,-158.8175861869,-20.));
#964 = SEAM_CURVE('',#965,(#969,#976),.PCURVE_S1.);
#965 = LINE('',#966,#967);
#966 = CARTESIAN_POINT('',(-9.814089499022E-16,-1.9973335271E-15,-20.));
#967 = VECTOR('',#968,1.);
#968 = DIRECTION('',(-0.5,-0.866025403784,1.110223024625E-16));
#969 = PCURVE('',#381,#970);
#970 = DEFINITIONAL_REPRESENTATION('',(#971),#975);
#971 = LINE('',#972,#973);
#972 = CARTESIAN_POINT('',(-6.28318530718,0.));
#973 = VECTOR('',#974,1.);
#974 = DIRECTION('',(-0.,-1.));
#975 = ( GEOMETRIC_REPRESENTATION_CONTEXT(2) 
PARAMETRIC_REPRESENTATION_CONTEXT() REPRESENTATION_CONTEXT('2D SPACE',''
  ) );
#976 = PCURVE('',#381,#977);
#977 = DEFINITIONAL_REPRESENTATION('',(#978),#982);
#978 = LINE('',#979,#980);
#979 = CARTESIAN_POINT('',(-0.,0.));
#980 = VECTOR('',#981,1.);
#981 = DIRECTION('',(-0.,-1.));
#982 = ( GEOMETRIC_REPRESENTATION_CONTEXT(2) 
PARAMETRIC_REPRESENTATION_CONTEXT() REPRESENTATION_CONTEXT('2D SPACE',''
  ) );
#983 = ORIENTED_EDGE('',*,*,#984,.T.);
#984 = EDGE_CURVE('',#962,#962,#985,.T.);
#985 = SURFACE_CURVE('',#986,(#1133,#1283),.PCURVE_S1.);
#986 = B_SPLINE_CURVE_WITH_KNOTS('',7,(#987,#988,#989,#990,#991,#992,
    #993,#994,#995,#996,#997,#998,#999,#1000,#1001,#1002,#1003,#1004,
    #1005,#1006,#1007,#1008,#1009,#1010,#1011,#1012,#1013,#1014,#1015,
    #1016,#1017,#1018,#1019,#1020,#1021,#1022,#1023,#1024,#1025,#1026,
    #1027,#1028,#1029,#1030,#1031,#1032,#1033,#1034,#1035,#1036,#1037,
    #1038,#1039,#1040,#1041,#1042,#1043,#1044,#1045,#1046,#1047,#1048,
    #1049,#1050,#1051,#1052,#1053,#1054,#1055,#1056,#1057,#1058,#1059,
    #1060,#1061,#1062,#1063,#1064,#1065,#1066,#1067,#1068,#1069,#1070,
    #1071,#1072,#1073,#1074,#1075,#1076,#1077,#1078,#1079,#1080,#1081,
    #1082,#1083,#1084,#1085,#1086,#1087,#1088,#1089,#1090,#1091,#1092,
    #1093,#1094,#1095,#1096,#1097,#1098,#1099,#1100,#1101,#1102,#1103,
    #1104,#1105,#1106,#1107,#1108,#1109,#1110,#1111,#1112,#1113,#1114,
    #1115,#1116,#1117,#1118,#1119,#1120,#1121,#1122,#1123,#1124,#1125,
    #1126,#1127,#1128,#1129,#1130,#1131,#1132),.UNSPECIFIED.,.T.,.F.,(8,
    6,6,6,6,6,6,6,6,6,6,6,6,6,6,6,6,6,6,6,6,6,6,6,8),(0.,
    3.369300952177E-02,4.626263176347E-02,6.033841964392E-02,
    7.49145740378E-02,0.162337560053,0.250250748312,0.337159443822,
    0.424582246491,0.435639754368,0.445693186898,0.454239528851,
    0.466809223688,0.499999818703,0.533190413719,0.575417228742,
    0.662840022289,0.750250953041,0.837159640397,0.924582434864,
    0.935639941703,0.94569337329,0.954239714441,0.966809408099,1.),
  .UNSPECIFIED.);
#987 = CARTESIAN_POINT('',(-91.69337613708,-158.8175861869,-20.));
#988 = CARTESIAN_POINT('',(-91.16995326002,-159.1197845259,-20.));
#989 = CARTESIAN_POINT('',(-90.64655491206,-159.421968703,
    -19.97869110625));
#990 = CARTESIAN_POINT('',(-90.12393841572,-159.7237014778,
    -19.93607690724));
#991 = CARTESIAN_POINT('',(-89.60286502859,-160.0245433381,
    -19.8722029636));
#992 = CARTESIAN_POINT('',(-89.08410068442,-160.3240520719,
    -19.78715847279));
#993 = CARTESIAN_POINT('',(-88.56841612794,-160.6217826894,
    -19.68107980843));
#994 = CARTESIAN_POINT('',(-87.86564161914,-161.0275297412,
    -19.50680530644));
#995 = CARTESIAN_POINT('',(-87.67523194065,-161.1374628204,
    -19.45655318791));
#996 = CARTESIAN_POINT('',(-87.48539697498,-161.2470640889,
    -19.40340913944));
#997 = CARTESIAN_POINT('',(-87.29617613361,-161.3563107926,
    -19.34738362166));
#998 = CARTESIAN_POINT('',(-87.1076086725,-161.465180267,-19.28848799493
    ));
#999 = CARTESIAN_POINT('',(-86.91973369213,-161.5736499375,
    -19.22673451941));
#1000 = CARTESIAN_POINT('',(-86.52302194771,-161.8026915699,
    -19.08979766079));
#1001 = CARTESIAN_POINT('',(-86.31437092001,-161.9231562969,
    -19.01389168741));
#1002 = CARTESIAN_POINT('',(-86.10669175848,-162.0430599168,
    -18.93443692225));
#1003 = CARTESIAN_POINT('',(-85.90003880175,-162.162371057,
    -18.85145325153));
#1004 = CARTESIAN_POINT('',(-85.69446602293,-162.2810585561,
    -18.76496196028));
#1005 = CARTESIAN_POINT('',(-85.49002702963,-162.399091464,
    -18.67498573239));
#1006 = CARTESIAN_POINT('',(-85.07629789152,-162.6379580932,
    -18.48479006463));
#1007 = CARTESIAN_POINT('',(-84.86709356984,-162.7587422647,
    -18.38432017284));
#1008 = CARTESIAN_POINT('',(-84.65922122612,-162.8787574183,
    -18.28016572653));
#1009 = CARTESIAN_POINT('',(-84.45273941628,-162.9979697468,
    -18.17235503732));
#1010 = CARTESIAN_POINT('',(-84.24770612496,-163.1163457727,
    -18.06091797714));
#1011 = CARTESIAN_POINT('',(-84.04417876552,-163.2338523485,
    -17.94588597822));
#1012 = CARTESIAN_POINT('',(-82.63089693854,-164.0498109917,
    -17.1160045063));
#1013 = CARTESIAN_POINT('',(-81.47557449716,-164.7168367142,
    -16.27645584758));
#1014 = CARTESIAN_POINT('',(-80.38893578472,-165.3442078674,
    -15.3159151557));
#1015 = CARTESIAN_POINT('',(-79.3822277003,-165.9254310509,
    -14.24356679942));
#1016 = CARTESIAN_POINT('',(-78.46550412664,-166.4547016529,
    -13.07008726951));
#1017 = CARTESIAN_POINT('',(-77.64762799544,-166.9269026574,
    -11.80762955085));
#1018 = CARTESIAN_POINT('',(-76.22026324056,-167.7509920829,
    -9.12518045696));
#1019 = CARTESIAN_POINT('',(-75.61170015839,-168.1023461422,
    -7.703840261368));
#1020 = CARTESIAN_POINT('',(-75.1178533987,-168.3874687019,
    -6.220231748533));
#1021 = CARTESIAN_POINT('',(-74.74418754971,-168.6032047804,
    -4.689196518957));
#1022 = CARTESIAN_POINT('',(-74.49446319348,-168.7473832047,
    -3.126144712727));
#1023 = CARTESIAN_POINT('',(-74.37073140863,-168.8188197839,
    -1.547023021519));
#1024 = CARTESIAN_POINT('',(-74.37502322145,-168.8163419047,
    1.592133599222));
#1025 = CARTESIAN_POINT('',(-74.50018715846,-168.7440784719,
    3.152748157802));
#1026 = CARTESIAN_POINT('',(-74.74843422588,-168.6007529607,
    4.697396662537));
#1027 = CARTESIAN_POINT('',(-75.117766662,-168.3875187793,6.210676589742
    ));
#1028 = CARTESIAN_POINT('',(-75.60455111847,-168.1064736423,
    7.677699264814));
#1029 = CARTESIAN_POINT('',(-76.20352372018,-167.7606566495,
    9.084119545535));
#1030 = CARTESIAN_POINT('',(-77.61541044308,-166.94550347,
    11.756360169787));
#1031 = CARTESIAN_POINT('',(-78.42982904429,-166.4752986713,
    13.021791636654));
#1032 = CARTESIAN_POINT('',(-79.34333793968,-165.9478840647,
    14.198606598313));
#1033 = CARTESIAN_POINT('',(-80.34710789971,-165.368357208,
    15.274619986984));
#1034 = CARTESIAN_POINT('',(-81.43111481345,-164.7425055246,
    16.23911871887));
#1035 = CARTESIAN_POINT('',(-82.58413745721,-164.0768075908,
    17.082877097492));
#1036 = CARTESIAN_POINT('',(-83.94647178219,-163.2902635016,
    17.889103466572));
#1037 = CARTESIAN_POINT('',(-84.10034155628,-163.2014267461,
    17.977581152444));
#1038 = CARTESIAN_POINT('',(-84.25509152496,-163.11208181,
    18.063997803032));
#1039 = CARTESIAN_POINT('',(-84.41069672736,-163.0222431045,
    18.148339442037));
#1040 = CARTESIAN_POINT('',(-84.56713200575,-162.9319251544,
    18.230592606544));
#1041 = CARTESIAN_POINT('',(-84.72437200561,-162.8411425982,
    18.310744347029));
#1042 = CARTESIAN_POINT('',(-85.02606143841,-162.666962123,
    18.459733889635));
#1043 = CARTESIAN_POINT('',(-85.1703758044,-162.5836421849,
    18.528938164921));
#1044 = CARTESIAN_POINT('',(-85.31531507153,-162.49996146,
    18.596385708117));
#1045 = CARTESIAN_POINT('',(-85.46085992815,-162.4159310979,
    18.662067534313));
#1046 = CARTESIAN_POINT('',(-85.6069909529,-162.3315623114,
    18.725975018781));
#1047 = CARTESIAN_POINT('',(-85.7536886148,-162.2468663768,
    18.788099896976));
#1048 = CARTESIAN_POINT('',(-86.02610477032,-162.0895868361,
    18.899724024044));
#1049 = CARTESIAN_POINT('',(-86.15167156475,-162.0170908135,
    18.949719861813));
#1050 = CARTESIAN_POINT('',(-86.27762159254,-161.9443735311,
    18.998416922858));
#1051 = CARTESIAN_POINT('',(-86.40394274425,-161.8714419801,
    19.045810543128));
#1052 = CARTESIAN_POINT('',(-86.53062286491,-161.7983031783,
    19.091896249505));
#1053 = CARTESIAN_POINT('',(-86.65764975402,-161.7249641697,
    19.136669759804));
#1054 = CARTESIAN_POINT('',(-86.97233038189,-161.5432832245,
    19.244042519288));
#1055 = CARTESIAN_POINT('',(-87.16037324659,-161.434716626,
    19.305110717396));
#1056 = CARTESIAN_POINT('',(-87.34910078387,-161.3257547315,
    19.363318560669));
#1057 = CARTESIAN_POINT('',(-87.53847386522,-161.216420132,
    19.418653932576));
#1058 = CARTESIAN_POINT('',(-87.72845320936,-161.1067355065,
    19.471105616491));
#1059 = CARTESIAN_POINT('',(-87.9189993823,-160.9967236223,
    19.520663295689));
#1060 = CARTESIAN_POINT('',(-88.61460695006,-160.5951144058,
    19.690509292818));
#1061 = CARTESIAN_POINT('',(-89.12281907217,-160.3016980003,
    19.793457727824));
#1062 = CARTESIAN_POINT('',(-89.6339778132,-160.0065803636,
    19.875988483476));
#1063 = CARTESIAN_POINT('',(-90.14734973803,-159.7101849446,
    19.937972638665));
#1064 = CARTESIAN_POINT('',(-90.66219935708,-159.4129363784,
    19.979324296168));
#1065 = CARTESIAN_POINT('',(-91.17778865776,-159.1152607569,20.));
#1066 = CARTESIAN_POINT('',(-92.2089636164,-158.5199116169,20.));
#1067 = CARTESIAN_POINT('',(-92.72455291708,-158.2222359954,
    19.979324296168));
#1068 = CARTESIAN_POINT('',(-93.23940253613,-157.9249874292,
    19.937972638665));
#1069 = CARTESIAN_POINT('',(-93.75277446095,-157.6285920102,
    19.875988483477));
#1070 = CARTESIAN_POINT('',(-94.26393320198,-157.3334743735,
    19.793457727824));
#1071 = CARTESIAN_POINT('',(-94.77214532409,-157.040057968,
    19.690509292817));
#1072 = CARTESIAN_POINT('',(-95.91857427663,-156.3781669037,
    19.410586563961));
#1073 = CARTESIAN_POINT('',(-96.55452599322,-156.0110000089,
    19.221086738962));
#1074 = CARTESIAN_POINT('',(-97.18302189538,-155.6481377306,
    18.999176861643));
#1075 = CARTESIAN_POINT('',(-97.80257965272,-155.2904358926,
    18.745330543227));
#1076 = CARTESIAN_POINT('',(-98.41174594981,-154.938733567,
    18.460131825563));
#1077 = CARTESIAN_POINT('',(-99.00909762124,-154.5938524187,
    18.144276513236));
#1078 = CARTESIAN_POINT('',(-100.8026148169,-153.558364783,
    17.082877097491));
#1079 = CARTESIAN_POINT('',(-101.9556374607,-152.8926668492,
    16.239118718873));
#1080 = CARTESIAN_POINT('',(-103.0396443744,-152.2668151658,
    15.274619986974));
#1081 = CARTESIAN_POINT('',(-104.0434143344,-151.6872883091,
    14.198606598324));
#1082 = CARTESIAN_POINT('',(-104.9569232298,-151.1598737025,
    13.021791636645));
#1083 = CARTESIAN_POINT('',(-105.771341831,-150.6896689038,
    11.756360169789));
#1084 = CARTESIAN_POINT('',(-107.1872961616,-149.8721672899,
    9.07642089211));
#1085 = CARTESIAN_POINT('',(-107.7891227275,-149.5247025601,
    7.661437269468));
#1086 = CARTESIAN_POINT('',(-108.2774164501,-149.2427860479,
    6.185228752258));
#1087 = CARTESIAN_POINT('',(-108.6468337486,-149.0295028712,
    4.662397035653));
#1088 = CARTESIAN_POINT('',(-108.8936987499,-148.8869752962,
    3.108096716865));
#1089 = CARTESIAN_POINT('',(-109.0160085354,-148.8163597086,
    1.538004475339));
#1090 = CARTESIAN_POINT('',(-109.0117290527,-148.8188304691,
    -1.592133599224));
#1091 = CARTESIAN_POINT('',(-108.8865651157,-148.8910939019,
    -3.152748157804));
#1092 = CARTESIAN_POINT('',(-108.6383180482,-149.0344194131,
    -4.69739666254));
#1093 = CARTESIAN_POINT('',(-108.2689856121,-149.2476535945,
    -6.210676589744));
#1094 = CARTESIAN_POINT('',(-107.7822011556,-149.5286987315,
    -7.677699264816));
#1095 = CARTESIAN_POINT('',(-107.1832285539,-149.8745157243,
    -9.084119545537));
#1096 = CARTESIAN_POINT('',(-105.771341831,-150.6896689038,
    -11.75636016979));
#1097 = CARTESIAN_POINT('',(-104.9569232298,-151.1598737025,
    -13.02179163663));
#1098 = CARTESIAN_POINT('',(-104.0434143344,-151.6872883092,
    -14.19860659835));
#1099 = CARTESIAN_POINT('',(-103.0396443744,-152.2668151657,
    -15.27461998695));
#1100 = CARTESIAN_POINT('',(-101.9556374606,-152.8926668492,
    -16.23911871888));
#1101 = CARTESIAN_POINT('',(-100.8026148169,-153.558364783,
    -17.08287709749));
#1102 = CARTESIAN_POINT('',(-99.44028049197,-154.3449088722,
    -17.88910346657));
#1103 = CARTESIAN_POINT('',(-99.28641071787,-154.4337456277,
    -17.97758115244));
#1104 = CARTESIAN_POINT('',(-99.13166074919,-154.5230905638,
    -18.06399780303));
#1105 = CARTESIAN_POINT('',(-98.9760555468,-154.6129292693,
    -18.14833944203));
#1106 = CARTESIAN_POINT('',(-98.8196202684,-154.7032472194,
    -18.23059260654));
#1107 = CARTESIAN_POINT('',(-98.66238026855,-154.7940297756,
    -18.31074434703));
#1108 = CARTESIAN_POINT('',(-98.36069083575,-154.9682102509,
    -18.45973388963));
#1109 = CARTESIAN_POINT('',(-98.21637646975,-155.0515301889,
    -18.52893816492));
#1110 = CARTESIAN_POINT('',(-98.07143720262,-155.1352109138,
    -18.59638570811));
#1111 = CARTESIAN_POINT('',(-97.92589234601,-155.2192412759,
    -18.66206753431));
#1112 = CARTESIAN_POINT('',(-97.77976132125,-155.3036100624,
    -18.72597501878));
#1113 = CARTESIAN_POINT('',(-97.63306365935,-155.388305997,
    -18.78809989697));
#1114 = CARTESIAN_POINT('',(-97.36064750384,-155.5455855377,
    -18.89972402404));
#1115 = CARTESIAN_POINT('',(-97.23508070941,-155.6180815603,
    -18.94971986181));
#1116 = CARTESIAN_POINT('',(-97.10913068161,-155.6907988427,
    -18.99841692285));
#1117 = CARTESIAN_POINT('',(-96.9828095299,-155.7637303937,
    -19.04581054312));
#1118 = CARTESIAN_POINT('',(-96.85612940924,-155.8368691955,
    -19.0918962495));
#1119 = CARTESIAN_POINT('',(-96.72910252013,-155.9102082041,
    -19.1366697598));
#1120 = CARTESIAN_POINT('',(-96.41442189226,-156.0918891493,
    -19.24404251928));
#1121 = CARTESIAN_POINT('',(-96.22637902756,-156.2004557478,
    -19.30511071739));
#1122 = CARTESIAN_POINT('',(-96.03765149028,-156.3094176423,
    -19.36331856066));
#1123 = CARTESIAN_POINT('',(-95.84827840893,-156.4187522418,
    -19.41865393257));
#1124 = CARTESIAN_POINT('',(-95.65829906479,-156.5284368673,
    -19.47110561649));
#1125 = CARTESIAN_POINT('',(-95.46775289185,-156.6384487515,
    -19.52066329569));
#1126 = CARTESIAN_POINT('',(-94.77214532409,-157.040057968,
    -19.69050929281));
#1127 = CARTESIAN_POINT('',(-94.26393320198,-157.3334743735,
    -19.79345772782));
#1128 = CARTESIAN_POINT('',(-93.75277446095,-157.6285920102,
    -19.87598848347));
#1129 = CARTESIAN_POINT('',(-93.23940253613,-157.9249874292,
    -19.93797263866));
#1130 = CARTESIAN_POINT('',(-92.72455291708,-158.2222359954,
    -19.97932429616));
#1131 = CARTESIAN_POINT('',(-92.2089636164,-158.5199116169,-20.));
#1132 = CARTESIAN_POINT('',(-91.69337613708,-158.8175861869,-20.));
#1133 = PCURVE('',#381,#1134);
#1134 = DEFINITIONAL_REPRESENTATION('',(#1135),#1282);
#1135 = B_SPLINE_CURVE_WITH_KNOTS('',7,(#1136,#1137,#1138,#1139,#1140,
    #1141,#1142,#1143,#1144,#1145,#1146,#1147,#1148,#1149,#1150,#1151,
    #1152,#1153,#1154,#1155,#1156,#1157,#1158,#1159,#1160,#1161,#1162,
    #1163,#1164,#1165,#1166,#1167,#1168,#1169,#1170,#1171,#1172,#1173,
    #1174,#1175,#1176,#1177,#1178,#1179,#1180,#1181,#1182,#1183,#1184,
    #1185,#1186,#1187,#1188,#1189,#1190,#1191,#1192,#1193,#1194,#1195,
    #1196,#1197,#1198,#1199,#1200,#1201,#1202,#1203,#1204,#1205,#1206,
    #1207,#1208,#1209,#1210,#1211,#1212,#1213,#1214,#1215,#1216,#1217,
    #1218,#1219,#1220,#1221,#1222,#1223,#1224,#1225,#1226,#1227,#1228,
    #1229,#1230,#1231,#1232,#1233,#1234,#1235,#1236,#1237,#1238,#1239,
    #1240,#1241,#1242,#1243,#1244,#1245,#1246,#1247,#1248,#1249,#1250,
    #1251,#1252,#1253,#1254,#1255,#1256,#1257,#1258,#1259,#1260,#1261,
    #1262,#1263,#1264,#1265,#1266,#1267,#1268,#1269,#1270,#1271,#1272,
    #1273,#1274,#1275,#1276,#1277,#1278,#1279,#1280,#1281),
  .UNSPECIFIED.,.F.,.F.,(8,6,6,6,6,6,6,6,6,6,6,6,6,6,6,6,6,6,6,6,6,6,6,6
    ,8),(0.,3.369300952177E-02,4.626263176347E-02,6.033841964392E-02,
    7.49145740378E-02,0.162337560053,0.250250748312,0.337159443822,
    0.424582246491,0.435639754368,0.445693186898,0.454239528851,
    0.466809223688,0.499999818703,0.533190413719,0.575417228742,
    0.662840022289,0.750250953041,0.837159640397,0.924582434864,
    0.935639941703,0.94569337329,0.954239714441,0.966809408099,1.),
  .UNSPECIFIED.);
#1136 = CARTESIAN_POINT('',(8.881784197001E-16,-183.3867522741));
#1137 = CARTESIAN_POINT('',(-3.021983389669E-02,-183.3867522741));
#1138 = CARTESIAN_POINT('',(-6.043825120899E-02,-183.3867522741));
#1139 = CARTESIAN_POINT('',(-9.065660660479E-02,-183.3867522741));
#1140 = CARTESIAN_POINT('',(-0.120876001615,-183.3867522741));
#1141 = CARTESIAN_POINT('',(-0.151097141926,-183.3867522741));
#1142 = CARTESIAN_POINT('',(-0.181320163848,-183.3867522741));
#1143 = CARTESIAN_POINT('',(-0.222819991628,-183.3867522741));
#1144 = CARTESIAN_POINT('',(-0.234095806135,-183.3867522741));
#1145 = CARTESIAN_POINT('',(-0.245371882515,-183.3867522741));
#1146 = CARTESIAN_POINT('',(-0.256648227849,-183.3867522741));
#1147 = CARTESIAN_POINT('',(-0.267924847239,-183.3867522741));
#1148 = CARTESIAN_POINT('',(-0.279201743813,-183.3867522741));
#1149 = CARTESIAN_POINT('',(-0.303107390677,-183.3867522741));
#1150 = CARTESIAN_POINT('',(-0.315736212933,-183.3867522741));
#1151 = CARTESIAN_POINT('',(-0.328365386791,-183.3867522741));
#1152 = CARTESIAN_POINT('',(-0.34099491132,-183.3867522741));
#1153 = CARTESIAN_POINT('',(-0.353624783358,-183.3867522741));
#1154 = CARTESIAN_POINT('',(-0.366254997512,-183.3867522741));
#1155 = CARTESIAN_POINT('',(-0.391965085918,-183.3867522741));
#1156 = CARTESIAN_POINT('',(-0.405044986119,-183.3867522741));
#1157 = CARTESIAN_POINT('',(-0.41812523828,-183.3867522741));
#1158 = CARTESIAN_POINT('',(-0.431205832668,-183.3867522741));
#1159 = CARTESIAN_POINT('',(-0.444286758302,-183.3867522741));
#1160 = CARTESIAN_POINT('',(-0.457368002955,-183.3867522741));
#1161 = CARTESIAN_POINT('',(-0.548908394141,-183.3867522741));
#1162 = CARTESIAN_POINT('',(-0.627392537253,-183.3867522741));
#1163 = CARTESIAN_POINT('',(-0.705873058098,-183.3867522741));
#1164 = CARTESIAN_POINT('',(-0.784354185888,-183.3867522741));
#1165 = CARTESIAN_POINT('',(-0.862843107591,-183.3867522741));
#1166 = CARTESIAN_POINT('',(-0.941345218749,-183.3867522741));
#1167 = CARTESIAN_POINT('',(-1.098762075105,-183.3867522741));
#1168 = CARTESIAN_POINT('',(-1.177706044424,-183.3867522741));
#1169 = CARTESIAN_POINT('',(-1.256639756639,-183.3867522741));
#1170 = CARTESIAN_POINT('',(-1.335566808882,-183.3867522741));
#1171 = CARTESIAN_POINT('',(-1.414500636205,-183.3867522741));
#1172 = CARTESIAN_POINT('',(-1.493445078018,-183.3867522741));
#1173 = CARTESIAN_POINT('',(-1.650403104645,-183.3867522741));
#1174 = CARTESIAN_POINT('',(-1.728444897065,-183.3867522741));
#1175 = CARTESIAN_POINT('',(-1.806476659683,-183.3867522741));
#1176 = CARTESIAN_POINT('',(-1.884502019183,-183.3867522741));
#1177 = CARTESIAN_POINT('',(-1.962533667569,-183.3867522741));
#1178 = CARTESIAN_POINT('',(-2.040574998998,-183.3867522741));
#1179 = CARTESIAN_POINT('',(-2.19708992463,-183.3867522741));
#1180 = CARTESIAN_POINT('',(-2.275591916373,-183.3867522741));
#1181 = CARTESIAN_POINT('',(-2.354080752687,-183.3867522741));
#1182 = CARTESIAN_POINT('',(-2.432561846688,-183.3867522741));
#1183 = CARTESIAN_POINT('',(-2.511042404383,-183.3867522741));
#1184 = CARTESIAN_POINT('',(-2.589526670573,-183.3867522741));
#1185 = CARTESIAN_POINT('',(-2.677909465499,-183.3867522741));
#1186 = CARTESIAN_POINT('',(-2.687833035234,-183.3867522741));
#1187 = CARTESIAN_POINT('',(-2.697756424323,-183.3867522741));
#1188 = CARTESIAN_POINT('',(-2.707679627345,-183.3867522741));
#1189 = CARTESIAN_POINT('',(-2.717602639227,-183.3867522741));
#1190 = CARTESIAN_POINT('',(-2.727525455243,-183.3867522741));
#1191 = CARTESIAN_POINT('',(-2.746469665152,-183.3867522741));
#1192 = CARTESIAN_POINT('',(-2.755491094093,-183.3867522741));
#1193 = CARTESIAN_POINT('',(-2.764512354564,-183.3867522741));
#1194 = CARTESIAN_POINT('',(-2.773533443741,-183.3867522741));
#1195 = CARTESIAN_POINT('',(-2.78255435925,-183.3867522741));
#1196 = CARTESIAN_POINT('',(-2.791575099174,-183.3867522741));
#1197 = CARTESIAN_POINT('',(-2.808263969826,-183.3867522741));
#1198 = CARTESIAN_POINT('',(-2.81593214983,-183.3867522741));
#1199 = CARTESIAN_POINT('',(-2.823600201181,-183.3867522741));
#1200 = CARTESIAN_POINT('',(-2.831268123344,-183.3867522741));
#1201 = CARTESIAN_POINT('',(-2.838935916119,-183.3867522741));
#1202 = CARTESIAN_POINT('',(-2.84660357965,-183.3867522741));
#1203 = CARTESIAN_POINT('',(-2.865548286885,-183.3867522741));
#1204 = CARTESIAN_POINT('',(-2.876825181321,-183.3867522741));
#1205 = CARTESIAN_POINT('',(-2.88810179917,-183.3867522741));
#1206 = CARTESIAN_POINT('',(-2.899378143866,-183.3867522741));
#1207 = CARTESIAN_POINT('',(-2.91065422083,-183.3867522741));
#1208 = CARTESIAN_POINT('',(-2.921930037475,-183.3867522741));
#1209 = CARTESIAN_POINT('',(-2.962979017786,-183.3867522741));
#1210 = CARTESIAN_POINT('',(-2.992750786836,-183.3867522741));
#1211 = CARTESIAN_POINT('',(-3.022520905802,-183.3867522741));
#1212 = CARTESIAN_POINT('',(-3.052289694534,-183.3867522741));
#1213 = CARTESIAN_POINT('',(-3.082057634783,-183.3867522741));
#1214 = CARTESIAN_POINT('',(-3.111825196592,-183.3867522741));
#1215 = CARTESIAN_POINT('',(-3.171360110588,-183.3867522741));
#1216 = CARTESIAN_POINT('',(-3.201127672397,-183.3867522741));
#1217 = CARTESIAN_POINT('',(-3.230895612645,-183.3867522741));
#1218 = CARTESIAN_POINT('',(-3.260664401377,-183.3867522741));
#1219 = CARTESIAN_POINT('',(-3.290434520343,-183.3867522741));
#1220 = CARTESIAN_POINT('',(-3.320206289394,-183.3867522741));
#1221 = CARTESIAN_POINT('',(-3.387859002909,-183.3867522741));
#1222 = CARTESIAN_POINT('',(-3.425741563712,-183.3867522741));
#1223 = CARTESIAN_POINT('',(-3.463627008493,-183.3867522741));
#1224 = CARTESIAN_POINT('',(-3.50151552867,-183.3867522741));
#1225 = CARTESIAN_POINT('',(-3.539407386131,-183.3867522741));
#1226 = CARTESIAN_POINT('',(-3.577302423893,-183.3867522741));
#1227 = CARTESIAN_POINT('',(-3.693658636606,-183.3867522741));
#1228 = CARTESIAN_POINT('',(-3.772142902797,-183.3867522741));
#1229 = CARTESIAN_POINT('',(-3.850623460492,-183.3867522741));
#1230 = CARTESIAN_POINT('',(-3.929104554493,-183.3867522741));
#1231 = CARTESIAN_POINT('',(-4.007593390807,-183.3867522741));
#1232 = CARTESIAN_POINT('',(-4.086095382549,-183.3867522741));
#1233 = CARTESIAN_POINT('',(-4.243061223476,-183.3867522741));
#1234 = CARTESIAN_POINT('',(-4.32155387476,-183.3867522741));
#1235 = CARTESIAN_POINT('',(-4.40003655413,-183.3867522741));
#1236 = CARTESIAN_POINT('',(-4.478512758771,-183.3867522741));
#1237 = CARTESIAN_POINT('',(-4.556995549642,-183.3867522741));
#1238 = CARTESIAN_POINT('',(-4.635488659478,-183.3867522741));
#1239 = CARTESIAN_POINT('',(-4.791995758235,-183.3867522741));
#1240 = CARTESIAN_POINT('',(-4.870037550655,-183.3867522741));
#1241 = CARTESIAN_POINT('',(-4.948069313273,-183.3867522741));
#1242 = CARTESIAN_POINT('',(-5.026094672773,-183.3867522741));
#1243 = CARTESIAN_POINT('',(-5.104126321159,-183.3867522741));
#1244 = CARTESIAN_POINT('',(-5.182167652588,-183.3867522741));
#1245 = CARTESIAN_POINT('',(-5.33868257822,-183.3867522741));
#1246 = CARTESIAN_POINT('',(-5.417184569962,-183.3867522741));
#1247 = CARTESIAN_POINT('',(-5.495673406278,-183.3867522741));
#1248 = CARTESIAN_POINT('',(-5.574154500277,-183.3867522741));
#1249 = CARTESIAN_POINT('',(-5.652635057974,-183.3867522741));
#1250 = CARTESIAN_POINT('',(-5.731119324163,-183.3867522741));
#1251 = CARTESIAN_POINT('',(-5.819502119089,-183.3867522741));
#1252 = CARTESIAN_POINT('',(-5.829425688824,-183.3867522741));
#1253 = CARTESIAN_POINT('',(-5.839349077913,-183.3867522741));
#1254 = CARTESIAN_POINT('',(-5.849272280935,-183.3867522741));
#1255 = CARTESIAN_POINT('',(-5.859195292816,-183.3867522741));
#1256 = CARTESIAN_POINT('',(-5.869118108833,-183.3867522741));
#1257 = CARTESIAN_POINT('',(-5.888062318742,-183.3867522741));
#1258 = CARTESIAN_POINT('',(-5.897083747683,-183.3867522741));
#1259 = CARTESIAN_POINT('',(-5.906105008154,-183.3867522741));
#1260 = CARTESIAN_POINT('',(-5.915126097331,-183.3867522741));
#1261 = CARTESIAN_POINT('',(-5.92414701284,-183.3867522741));
#1262 = CARTESIAN_POINT('',(-5.933167752764,-183.3867522741));
#1263 = CARTESIAN_POINT('',(-5.949856623416,-183.3867522741));
#1264 = CARTESIAN_POINT('',(-5.95752480342,-183.3867522741));
#1265 = CARTESIAN_POINT('',(-5.965192854771,-183.3867522741));
#1266 = CARTESIAN_POINT('',(-5.972860776933,-183.3867522741));
#1267 = CARTESIAN_POINT('',(-5.980528569709,-183.3867522741));
#1268 = CARTESIAN_POINT('',(-5.98819623324,-183.3867522741));
#1269 = CARTESIAN_POINT('',(-6.007140940475,-183.3867522741));
#1270 = CARTESIAN_POINT('',(-6.018417834911,-183.3867522741));
#1271 = CARTESIAN_POINT('',(-6.02969445276,-183.3867522741));
#1272 = CARTESIAN_POINT('',(-6.040970797456,-183.3867522741));
#1273 = CARTESIAN_POINT('',(-6.05224687442,-183.3867522741));
#1274 = CARTESIAN_POINT('',(-6.063522691065,-183.3867522741));
#1275 = CARTESIAN_POINT('',(-6.104571671376,-183.3867522741));
#1276 = CARTESIAN_POINT('',(-6.134343440426,-183.3867522741));
#1277 = CARTESIAN_POINT('',(-6.164113559392,-183.3867522741));
#1278 = CARTESIAN_POINT('',(-6.193882348124,-183.3867522741));
#1279 = CARTESIAN_POINT('',(-6.223650288372,-183.3867522741));
#1280 = CARTESIAN_POINT('',(-6.253417850182,-183.3867522741));
#1281 = CARTESIAN_POINT('',(-6.28318530718,-183.3867522741));
#1282 = ( GEOMETRIC_REPRESENTATION_CONTEXT(2) 
PARAMETRIC_REPRESENTATION_CONTEXT() REPRESENTATION_CONTEXT('2D SPACE',''
  ) );
#1283 = PCURVE('',#1284,#1289);
#1284 = SPHERICAL_SURFACE('',#1285,26.);
#1285 = AXIS2_PLACEMENT_3D('',#1286,#1287,#1288);
#1286 = CARTESIAN_POINT('',(-100.,-173.2050807568,0.));
#1287 = DIRECTION('',(0.,0.,1.));
#1288 = DIRECTION('',(1.,0.,0.));
#1289 = DEFINITIONAL_REPRESENTATION('',(#1290),#1437);
#1290 = B_SPLINE_CURVE_WITH_KNOTS('',7,(#1291,#1292,#1293,#1294,#1295,
    #1296,#1297,#1298,#1299,#1300,#1301,#1302,#1303,#1304,#1305,#1306,
    #1307,#1308,#1309,#1310,#1311,#1312,#1313,#1314,#1315,#1316,#1317,
    #1318,#1319,#1320,#1321,#1322,#1323,#1324,#1325,#1326,#1327,#1328,
    #1329,#1330,#1331,#1332,#1333,#1334,#1335,#1336,#1337,#1338,#1339,
    #1340,#1341,#1342,#1343,#1344,#1345,#1346,#1347,#1348,#1349,#1350,
    #1351,#1352,#1353,#1354,#1355,#1356,#1357,#1358,#1359,#1360,#1361,
    #1362,#1363,#1364,#1365,#1366,#1367,#1368,#1369,#1370,#1371,#1372,
    #1373,#1374,#1375,#1376,#1377,#1378,#1379,#1380,#1381,#1382,#1383,
    #1384,#1385,#1386,#1387,#1388,#1389,#1390,#1391,#1392,#1393,#1394,
    #1395,#1396,#1397,#1398,#1399,#1400,#1401,#1402,#1403,#1404,#1405,
    #1406,#1407,#1408,#1409,#1410,#1411,#1412,#1413,#1414,#1415,#1416,
    #1417,#1418,#1419,#1420,#1421,#1422,#1423,#1424,#1425,#1426,#1427,
    #1428,#1429,#1430,#1431,#1432,#1433,#1434,#1435,#1436),
  .UNSPECIFIED.,.T.,.F.,(8,6,6,6,6,6,6,6,6,6,6,6,6,6,6,6,6,6,6,6,6,6,6,6
    ,8),(0.,3.369300952177E-02,4.626263176347E-02,6.033841964392E-02,
    7.49145740378E-02,0.162337560053,0.250250748312,0.337159443822,
    0.424582246491,0.435639754368,0.445693186898,0.454239528851,
    0.466809223688,0.499999818703,0.533190413719,0.575417228742,
    0.662840022289,0.750250953041,0.837159640397,0.924582434864,
    0.935639941703,0.94569337329,0.954239714441,0.966809408099,1.),
  .UNSPECIFIED.);
#1291 = CARTESIAN_POINT('',(1.047197551197,-0.877636419218));
#1292 = CARTESIAN_POINT('',(1.010817146359,-0.877636419218));
#1293 = CARTESIAN_POINT('',(0.97443850125,-0.876353788377));
#1294 = CARTESIAN_POINT('',(0.938271240037,-0.873788670645));
#1295 = CARTESIAN_POINT('',(0.902526259905,-0.869956440252));
#1296 = CARTESIAN_POINT('',(0.867396907963,-0.864887260323));
#1297 = CARTESIAN_POINT('',(0.83304753664,-0.858623756631));
#1298 = CARTESIAN_POINT('',(0.787134913047,-0.848453545923));
#1299 = CARTESIAN_POINT('',(0.77478713214,-0.845531113796));
#1300 = CARTESIAN_POINT('',(0.762572881397,-0.842452173785));
#1301 = CARTESIAN_POINT('',(0.75049829599,-0.839219507476));
#1302 = CARTESIAN_POINT('',(0.738568859732,-0.83583601438));
#1303 = CARTESIAN_POINT('',(0.726789405066,-0.832304711929));
#1304 = CARTESIAN_POINT('',(0.702145810616,-0.824512282034));
#1305 = CARTESIAN_POINT('',(0.689320861978,-0.820214368745));
#1306 = CARTESIAN_POINT('',(0.67669508113,-0.815739402696));
#1307 = CARTESIAN_POINT('',(0.6642733625,-0.81109185163));
#1308 = CARTESIAN_POINT('',(0.652059680972,-0.806276243945));
#1309 = CARTESIAN_POINT('',(0.640057091892,-0.801297168693));
#1310 = CARTESIAN_POINT('',(0.61605928169,-0.790838740507));
#1311 = CARTESIAN_POINT('',(0.60407957536,-0.785347858292));
#1312 = CARTESIAN_POINT('',(0.592330952658,-0.77969178119));
#1313 = CARTESIAN_POINT('',(0.580814971094,-0.773875616025));
#1314 = CARTESIAN_POINT('',(0.569532405107,-0.7679044242));
#1315 = CARTESIAN_POINT('',(0.558483246063,-0.761783221691));
#1316 = CARTESIAN_POINT('',(0.48279262556,-0.71793411407));
#1317 = CARTESIAN_POINT('',(0.426275791005,-0.675126169968));
#1318 = CARTESIAN_POINT('',(0.378003096499,-0.628169411675));
#1319 = CARTESIAN_POINT('',(0.336981107997,-0.578013900185));
#1320 = CARTESIAN_POINT('',(0.302304288907,-0.525330686339));
#1321 = CARTESIAN_POINT('',(0.273211992435,-0.470662388937));
#1322 = CARTESIAN_POINT('',(0.224866705261,-0.357948062004));
#1323 = CARTESIAN_POINT('',(0.205661441399,-0.299864032728));
#1324 = CARTESIAN_POINT('',(0.190886619801,-0.240671172632));
#1325 = CARTESIAN_POINT('',(0.180097061686,-0.180704285273));
#1326 = CARTESIAN_POINT('',(0.173011308313,-0.120230993792));
#1327 = CARTESIAN_POINT('',(0.169500498595,-5.95009299133E-02));
#1328 = CARTESIAN_POINT('',(0.169622290557,6.123595221808E-02));
#1329 = CARTESIAN_POINT('',(0.17317377422,0.12126454543));
#1330 = CARTESIAN_POINT('',(0.180221854969,0.181038231568));
#1331 = CARTESIAN_POINT('',(0.190892883996,0.240315350964));
#1332 = CARTESIAN_POINT('',(0.205458852301,0.298836751617));
#1333 = CARTESIAN_POINT('',(0.224347944665,0.356279343025));
#1334 = CARTESIAN_POINT('',(0.272074199976,0.46845338272));
#1335 = CARTESIAN_POINT('',(0.300977660843,0.523187005835));
#1336 = CARTESIAN_POINT('',(0.335444557789,0.575950453004));
#1337 = CARTESIAN_POINT('',(0.376232528962,0.626204408975));
#1338 = CARTESIAN_POINT('',(0.424244069662,0.673281945284));
#1339 = CARTESIAN_POINT('',(0.480476502823,0.716238699298));
#1340 = CARTESIAN_POINT('',(0.55323077361,0.758777225608));
#1341 = CARTESIAN_POINT('',(0.5615335364,0.763470527747));
#1342 = CARTESIAN_POINT('',(0.569970470286,0.768078688823));
#1343 = CARTESIAN_POINT('',(0.578541692074,0.77259953152));
#1344 = CARTESIAN_POINT('',(0.587247075144,0.777030858793));
#1345 = CARTESIAN_POINT('',(0.59608624945,0.781370453876));
#1346 = CARTESIAN_POINT('',(0.6132162205,0.789476183205));
#1347 = CARTESIAN_POINT('',(0.621483911077,0.793258614488));
#1348 = CARTESIAN_POINT('',(0.629861206655,0.796961692654));
#1349 = CARTESIAN_POINT('',(0.63834742502,0.800583739626));
#1350 = CARTESIAN_POINT('',(0.646941668334,0.804123080724));
#1351 = CARTESIAN_POINT('',(0.655642823138,0.807578044661));
#1352 = CARTESIAN_POINT('',(0.671936096664,0.813810854334));
#1353 = CARTESIAN_POINT('',(0.679498925462,0.816612568218));
#1354 = CARTESIAN_POINT('',(0.687137225467,0.819351081301));
#1355 = CARTESIAN_POINT('',(0.694850044706,0.822025381732));
#1356 = CARTESIAN_POINT('',(0.702636300518,0.824634469713));
#1357 = CARTESIAN_POINT('',(0.71049477955,0.827177357497));
#1358 = CARTESIAN_POINT('',(0.730086392025,0.833294269698));
#1359 = CARTESIAN_POINT('',(0.741901963526,0.836790175019));
#1360 = CARTESIAN_POINT('',(0.753866567339,0.840137662628));
#1361 = CARTESIAN_POINT('',(0.76597526701,0.843333730949));
#1362 = CARTESIAN_POINT('',(0.778222474558,0.846375499554));
#1363 = CARTESIAN_POINT('',(0.79060195047,0.849260209163));
#1364 = CARTESIAN_POINT('',(0.836126182838,0.859180685555));
#1365 = CARTESIAN_POINT('',(0.870019830099,0.865262787535));
#1366 = CARTESIAN_POINT('',(0.90466097118,0.87018357088));
#1367 = CARTESIAN_POINT('',(0.939891496112,0.873902782928));
#1368 = CARTESIAN_POINT('',(0.975525856494,0.876391899904));
#1369 = CARTESIAN_POINT('',(1.011361744148,0.877636419218));
#1370 = CARTESIAN_POINT('',(1.083033358245,0.877636419218));
#1371 = CARTESIAN_POINT('',(1.118869245899,0.876391899904));
#1372 = CARTESIAN_POINT('',(1.154503606281,0.873902782928));
#1373 = CARTESIAN_POINT('',(1.189734131213,0.87018357088));
#1374 = CARTESIAN_POINT('',(1.224375272294,0.865262787535));
#1375 = CARTESIAN_POINT('',(1.258268919555,0.859180685555));
#1376 = CARTESIAN_POINT('',(1.333297283891,0.842830775223));
#1377 = CARTESIAN_POINT('',(1.373891978125,0.831874115505));
#1378 = CARTESIAN_POINT('',(1.41280928154,0.819213978092));
#1379 = CARTESIAN_POINT('',(1.449872375968,0.804970313994));
#1380 = CARTESIAN_POINT('',(1.484989313064,0.789270600395));
#1381 = CARTESIAN_POINT('',(1.518137385425,0.77224079586));
#1382 = CARTESIAN_POINT('',(1.613918599571,0.716238699298));
#1383 = CARTESIAN_POINT('',(1.670151032731,0.673281945284));
#1384 = CARTESIAN_POINT('',(1.718162573432,0.626204408975));
#1385 = CARTESIAN_POINT('',(1.758950544605,0.575950453004));
#1386 = CARTESIAN_POINT('',(1.793417441551,0.523187005834));
#1387 = CARTESIAN_POINT('',(1.822320902417,0.46845338272));
#1388 = CARTESIAN_POINT('',(1.870184655787,0.355956172631));
#1389 = CARTESIAN_POINT('',(1.889154465504,0.298172612253));
#1390 = CARTESIAN_POINT('',(1.903754412778,0.239300331874));
#1391 = CARTESIAN_POINT('',(1.914419192686,0.179667463781));
#1392 = CARTESIAN_POINT('',(1.921423776389,0.119536906702));
#1393 = CARTESIAN_POINT('',(1.9248942539,5.915406249678E-02));
#1394 = CARTESIAN_POINT('',(1.924772811836,-6.123595221814E-02));
#1395 = CARTESIAN_POINT('',(1.921221328173,-0.12126454543));
#1396 = CARTESIAN_POINT('',(1.914173247424,-0.181038231568));
#1397 = CARTESIAN_POINT('',(1.903502218397,-0.240315350964));
#1398 = CARTESIAN_POINT('',(1.888936250092,-0.298836751617));
#1399 = CARTESIAN_POINT('',(1.870047157728,-0.356279343025));
#1400 = CARTESIAN_POINT('',(1.822320902417,-0.46845338272));
#1401 = CARTESIAN_POINT('',(1.793417441551,-0.523187005834));
#1402 = CARTESIAN_POINT('',(1.758950544603,-0.575950453005));
#1403 = CARTESIAN_POINT('',(1.718162573433,-0.626204408975));
#1404 = CARTESIAN_POINT('',(1.67015103273,-0.673281945285));
#1405 = CARTESIAN_POINT('',(1.613918599571,-0.716238699298));
#1406 = CARTESIAN_POINT('',(1.541164328783,-0.758777225608));
#1407 = CARTESIAN_POINT('',(1.532861565993,-0.763470527747));
#1408 = CARTESIAN_POINT('',(1.524424632107,-0.768078688823));
#1409 = CARTESIAN_POINT('',(1.515853410319,-0.77259953152));
#1410 = CARTESIAN_POINT('',(1.507148027249,-0.777030858793));
#1411 = CARTESIAN_POINT('',(1.498308852944,-0.781370453876));
#1412 = CARTESIAN_POINT('',(1.481178881893,-0.789476183206));
#1413 = CARTESIAN_POINT('',(1.472911191316,-0.793258614489));
#1414 = CARTESIAN_POINT('',(1.464533895738,-0.796961692654));
#1415 = CARTESIAN_POINT('',(1.456047677373,-0.800583739626));
#1416 = CARTESIAN_POINT('',(1.447453434059,-0.804123080724));
#1417 = CARTESIAN_POINT('',(1.438752279255,-0.807578044661));
#1418 = CARTESIAN_POINT('',(1.422459005729,-0.813810854334));
#1419 = CARTESIAN_POINT('',(1.414896176931,-0.816612568218));
#1420 = CARTESIAN_POINT('',(1.407257876927,-0.819351081301));
#1421 = CARTESIAN_POINT('',(1.399545057687,-0.822025381732));
#1422 = CARTESIAN_POINT('',(1.391758801875,-0.824634469713));
#1423 = CARTESIAN_POINT('',(1.383900322843,-0.827177357498));
#1424 = CARTESIAN_POINT('',(1.364308710369,-0.833294269698));
#1425 = CARTESIAN_POINT('',(1.352493138867,-0.836790175019));
#1426 = CARTESIAN_POINT('',(1.340528535054,-0.840137662628));
#1427 = CARTESIAN_POINT('',(1.328419835383,-0.843333730949));
#1428 = CARTESIAN_POINT('',(1.316172627835,-0.846375499554));
#1429 = CARTESIAN_POINT('',(1.303793151923,-0.849260209163));
#1430 = CARTESIAN_POINT('',(1.258268919555,-0.859180685555));
#1431 = CARTESIAN_POINT('',(1.224375272294,-0.865262787535));
#1432 = CARTESIAN_POINT('',(1.189734131213,-0.87018357088));
#1433 = CARTESIAN_POINT('',(1.154503606281,-0.873902782928));
#1434 = CARTESIAN_POINT('',(1.118869245899,-0.876391899904));
#1435 = CARTESIAN_POINT('',(1.083033358245,-0.877636419218));
#1436 = CARTESIAN_POINT('',(1.047197551197,-0.877636419218));
#1437 = ( GEOMETRIC_REPRESENTATION_CONTEXT(2) 
PARAMETRIC_REPRESENTATION_CONTEXT() REPRESENTATION_CONTEXT('2D SPACE',''
  ) );
#1438 = ORIENTED_EDGE('',*,*,#961,.F.);
#1439 = ADVANCED_FACE('',(#1440),#879,.T.);
#1440 = FACE_BOUND('',#1441,.F.);
#1441 = EDGE_LOOP('',(#1442,#1443,#1466,#1921,#1922));
#1442 = ORIENTED_EDGE('',*,*,#851,.F.);
#1443 = ORIENTED_EDGE('',*,*,#1444,.T.);
#1444 = EDGE_CURVE('',#347,#1445,#1447,.T.);
#1445 = VERTEX_POINT('',#1446);
#1446 = CARTESIAN_POINT('',(-91.69337613708,158.81758618694,-20.));
#1447 = SEAM_CURVE('',#1448,(#1452,#1459),.PCURVE_S1.);
#1448 = LINE('',#1449,#1450);
#1449 = CARTESIAN_POINT('',(1.11556261075E-16,6.440703736146E-17,-20.));
#1450 = VECTOR('',#1451,1.);
#1451 = DIRECTION('',(-0.5,0.866025403784,0.));
#1452 = PCURVE('',#879,#1453);
#1453 = DEFINITIONAL_REPRESENTATION('',(#1454),#1458);
#1454 = LINE('',#1455,#1456);
#1455 = CARTESIAN_POINT('',(-6.28318530718,0.));
#1456 = VECTOR('',#1457,1.);
#1457 = DIRECTION('',(-0.,-1.));
#1458 = ( GEOMETRIC_REPRESENTATION_CONTEXT(2) 
PARAMETRIC_REPRESENTATION_CONTEXT() REPRESENTATION_CONTEXT('2D SPACE',''
  ) );
#1459 = PCURVE('',#879,#1460);
#1460 = DEFINITIONAL_REPRESENTATION('',(#1461),#1465);
#1461 = LINE('',#1462,#1463);
#1462 = CARTESIAN_POINT('',(-0.,0.));
#1463 = VECTOR('',#1464,1.);
#1464 = DIRECTION('',(-0.,-1.));
#1465 = ( GEOMETRIC_REPRESENTATION_CONTEXT(2) 
PARAMETRIC_REPRESENTATION_CONTEXT() REPRESENTATION_CONTEXT('2D SPACE',''
  ) );
#1466 = ORIENTED_EDGE('',*,*,#1467,.T.);
#1467 = EDGE_CURVE('',#1445,#1445,#1468,.T.);
#1468 = SURFACE_CURVE('',#1469,(#1616,#1766),.PCURVE_S1.);
#1469 = B_SPLINE_CURVE_WITH_KNOTS('',7,(#1470,#1471,#1472,#1473,#1474,
    #1475,#1476,#1477,#1478,#1479,#1480,#1481,#1482,#1483,#1484,#1485,
    #1486,#1487,#1488,#1489,#1490,#1491,#1492,#1493,#1494,#1495,#1496,
    #1497,#1498,#1499,#1500,#1501,#1502,#1503,#1504,#1505,#1506,#1507,
    #1508,#1509,#1510,#1511,#1512,#1513,#1514,#1515,#1516,#1517,#1518,
    #1519,#1520,#1521,#1522,#1523,#1524,#1525,#1526,#1527,#1528,#1529,
    #1530,#1531,#1532,#1533,#1534,#1535,#1536,#1537,#1538,#1539,#1540,
    #1541,#1542,#1543,#1544,#1545,#1546,#1547,#1548,#1549,#1550,#1551,
    #1552,#1553,#1554,#1555,#1556,#1557,#1558,#1559,#1560,#1561,#1562,
    #1563,#1564,#1565,#1566,#1567,#1568,#1569,#1570,#1571,#1572,#1573,
    #1574,#1575,#1576,#1577,#1578,#1579,#1580,#1581,#1582,#1583,#1584,
    #1585,#1586,#1587,#1588,#1589,#1590,#1591,#1592,#1593,#1594,#1595,
    #1596,#1597,#1598,#1599,#1600,#1601,#1602,#1603,#1604,#1605,#1606,
    #1607,#1608,#1609,#1610,#1611,#1612,#1613,#1614,#1615),
  .UNSPECIFIED.,.T.,.F.,(8,6,6,6,6,6,6,6,6,6,6,6,6,6,6,6,6,6,6,6,6,6,6,6
    ,8),(0.,3.369300952176E-02,4.626263176349E-02,6.033841964398E-02,
    7.491457403789E-02,0.162337560054,0.250250748312,0.337159443823,
    0.424582246491,0.435639754369,0.445693186898,0.454239528852,
    0.466809223689,0.499999818704,0.53319041372,0.575417228742,
    0.66284002229,0.750250953042,0.837159640398,0.924582434864,
    0.935639941703,0.94569337329,0.954239714441,0.966809408099,1.),
  .UNSPECIFIED.);
#1470 = CARTESIAN_POINT('',(-91.69337613708,158.81758618694,-20.));
#1471 = CARTESIAN_POINT('',(-92.21679901413,158.51538784798,-20.));
#1472 = CARTESIAN_POINT('',(-92.74019736209,158.21320367089,
    -19.97869110625));
#1473 = CARTESIAN_POINT('',(-93.26281385844,157.91147089604,
    -19.93607690724));
#1474 = CARTESIAN_POINT('',(-93.78388724557,157.61062903572,
    -19.8722029636));
#1475 = CARTESIAN_POINT('',(-94.30265158973,157.31112030196,
    -19.78715847279));
#1476 = CARTESIAN_POINT('',(-94.81833614622,157.01338968446,
    -19.68107980843));
#1477 = CARTESIAN_POINT('',(-95.52111065501,156.60764263263,
    -19.50680530644));
#1478 = CARTESIAN_POINT('',(-95.71152033351,156.49770955349,
    -19.45655318791));
#1479 = CARTESIAN_POINT('',(-95.90135529917,156.38810828496,
    -19.40340913944));
#1480 = CARTESIAN_POINT('',(-96.09057614054,156.27886158126,
    -19.34738362166));
#1481 = CARTESIAN_POINT('',(-96.27914360165,156.16999210683,
    -19.28848799493));
#1482 = CARTESIAN_POINT('',(-96.46701858203,156.06152243634,
    -19.22673451941));
#1483 = CARTESIAN_POINT('',(-96.86373032645,155.83248080391,
    -19.08979766079));
#1484 = CARTESIAN_POINT('',(-97.07238135415,155.7120160769,
    -19.01389168741));
#1485 = CARTESIAN_POINT('',(-97.28006051568,155.59211245708,
    -18.93443692225));
#1486 = CARTESIAN_POINT('',(-97.48671347241,155.47280131688,
    -18.85145325153));
#1487 = CARTESIAN_POINT('',(-97.69228625123,155.3541138177,
    -18.76496196028));
#1488 = CARTESIAN_POINT('',(-97.89672524452,155.23608090988,
    -18.67498573239));
#1489 = CARTESIAN_POINT('',(-98.31045438264,154.99721428062,
    -18.48479006463));
#1490 = CARTESIAN_POINT('',(-98.51965870432,154.87643010919,
    -18.38432017284));
#1491 = CARTESIAN_POINT('',(-98.72753104804,154.75641495558,
    -18.28016572653));
#1492 = CARTESIAN_POINT('',(-98.93401285788,154.63720262709,
    -18.17235503732));
#1493 = CARTESIAN_POINT('',(-99.1390461492,154.51882660115,
    -18.06091797714));
#1494 = CARTESIAN_POINT('',(-99.34257350864,154.40132002539,
    -17.94588597822));
#1495 = CARTESIAN_POINT('',(-100.7558553356,153.58536138214,
    -17.1160045063));
#1496 = CARTESIAN_POINT('',(-101.911177777,152.91833565961,
    -16.27645584758));
#1497 = CARTESIAN_POINT('',(-102.9978164894,152.29096450647,
    -15.31591515569));
#1498 = CARTESIAN_POINT('',(-104.0045245738,151.70974132295,
    -14.24356679943));
#1499 = CARTESIAN_POINT('',(-104.9212481475,151.18047072091,
    -13.0700872695));
#1500 = CARTESIAN_POINT('',(-105.7391242787,150.7082697164,
    -11.80762955086));
#1501 = CARTESIAN_POINT('',(-107.1664890335,149.88418029094,
    -9.125180456962));
#1502 = CARTESIAN_POINT('',(-107.7750521157,149.53282623163,
    -7.703840261365));
#1503 = CARTESIAN_POINT('',(-108.2688988754,149.24770367199,
    -6.220231748535));
#1504 = CARTESIAN_POINT('',(-108.6425647244,149.03196759348,
    -4.68919651896));
#1505 = CARTESIAN_POINT('',(-108.8922890806,148.88778916919,
    -3.126144712724));
#1506 = CARTESIAN_POINT('',(-109.0160208655,148.8163525899,
    -1.54702302152));
#1507 = CARTESIAN_POINT('',(-109.0117290527,148.81883046919,
    1.592133599223));
#1508 = CARTESIAN_POINT('',(-108.8865651157,148.89109390191,
    3.152748157799));
#1509 = CARTESIAN_POINT('',(-108.6383180482,149.03441941311,
    4.697396662539));
#1510 = CARTESIAN_POINT('',(-108.2689856121,149.24765359453,
    6.210676589744));
#1511 = CARTESIAN_POINT('',(-107.7822011556,149.5286987315,
    7.677699264811));
#1512 = CARTESIAN_POINT('',(-107.1832285539,149.87451572434,
    9.084119545536));
#1513 = CARTESIAN_POINT('',(-105.771341831,150.68966890387,
    11.756360169791));
#1514 = CARTESIAN_POINT('',(-104.9569232298,151.15987370251,
    13.021791636643));
#1515 = CARTESIAN_POINT('',(-104.0434143344,151.68728830918,
    14.198606598331));
#1516 = CARTESIAN_POINT('',(-103.0396443744,152.2668151658,
    15.274619986968));
#1517 = CARTESIAN_POINT('',(-101.9556374607,152.89266684925,
    16.239118718877));
#1518 = CARTESIAN_POINT('',(-100.8026148169,153.55836478301,
    17.08287709749));
#1519 = CARTESIAN_POINT('',(-99.44028049197,154.34490887226,
    17.889103466572));
#1520 = CARTESIAN_POINT('',(-99.28641071787,154.43374562776,
    17.977581152444));
#1521 = CARTESIAN_POINT('',(-99.13166074919,154.52309056383,
    18.063997803032));
#1522 = CARTESIAN_POINT('',(-98.9760555468,154.61292926932,
    18.148339442037));
#1523 = CARTESIAN_POINT('',(-98.8196202684,154.70324721941,
    18.230592606544));
#1524 = CARTESIAN_POINT('',(-98.66238026855,154.79402977566,
    18.310744347029));
#1525 = CARTESIAN_POINT('',(-98.36069083575,154.96821025089,
    18.459733889635));
#1526 = CARTESIAN_POINT('',(-98.21637646975,155.05153018895,
    18.528938164921));
#1527 = CARTESIAN_POINT('',(-98.07143720262,155.13521091385,
    18.596385708117));
#1528 = CARTESIAN_POINT('',(-97.92589234601,155.21924127599,
    18.662067534313));
#1529 = CARTESIAN_POINT('',(-97.77976132125,155.30361006247,
    18.725975018781));
#1530 = CARTESIAN_POINT('',(-97.63306365935,155.38830599706,
    18.788099896976));
#1531 = CARTESIAN_POINT('',(-97.36064750384,155.54558553777,
    18.899724024044));
#1532 = CARTESIAN_POINT('',(-97.23508070941,155.61808156034,
    18.949719861813));
#1533 = CARTESIAN_POINT('',(-97.10913068161,155.69079884279,
    18.998416922858));
#1534 = CARTESIAN_POINT('',(-96.9828095299,155.76373039374,
    19.045810543128));
#1535 = CARTESIAN_POINT('',(-96.85612940924,155.8368691955,
    19.091896249505));
#1536 = CARTESIAN_POINT('',(-96.72910252013,155.91020820412,
    19.136669759804));
#1537 = CARTESIAN_POINT('',(-96.41442189226,156.09188914933,
    19.244042519288));
#1538 = CARTESIAN_POINT('',(-96.22637902756,156.20045574789,
    19.305110717396));
#1539 = CARTESIAN_POINT('',(-96.03765149028,156.30941764234,
    19.363318560669));
#1540 = CARTESIAN_POINT('',(-95.84827840893,156.41875224183,
    19.418653932576));
#1541 = CARTESIAN_POINT('',(-95.65829906479,156.52843686731,
    19.471105616491));
#1542 = CARTESIAN_POINT('',(-95.46775289185,156.63844875155,
    19.520663295689));
#1543 = CARTESIAN_POINT('',(-94.77214532409,157.04005796805,
    19.690509292818));
#1544 = CARTESIAN_POINT('',(-94.26393320198,157.33347437355,
    19.793457727824));
#1545 = CARTESIAN_POINT('',(-93.75277446095,157.62859201029,
    19.875988483477));
#1546 = CARTESIAN_POINT('',(-93.23940253613,157.92498742928,
    19.937972638665));
#1547 = CARTESIAN_POINT('',(-92.72455291708,158.22223599543,
    19.979324296168));
#1548 = CARTESIAN_POINT('',(-92.2089636164,158.51991161697,20.));
#1549 = CARTESIAN_POINT('',(-91.17778865775,159.11526075692,20.));
#1550 = CARTESIAN_POINT('',(-90.66219935708,159.41293637846,
    19.979324296169));
#1551 = CARTESIAN_POINT('',(-90.14734973803,159.71018494461,
    19.937972638665));
#1552 = CARTESIAN_POINT('',(-89.6339778132,160.0065803636,
    19.875988483476));
#1553 = CARTESIAN_POINT('',(-89.12281907217,160.30169800034,
    19.793457727825));
#1554 = CARTESIAN_POINT('',(-88.61460695006,160.59511440584,
    19.690509292817));
#1555 = CARTESIAN_POINT('',(-87.46817799753,161.25700547019,
    19.410586563962));
#1556 = CARTESIAN_POINT('',(-86.83222628093,161.62417236496,
    19.221086738961));
#1557 = CARTESIAN_POINT('',(-86.20373037877,161.98703464326,
    18.999176861643));
#1558 = CARTESIAN_POINT('',(-85.58417262144,162.34473648123,
    18.745330543228));
#1559 = CARTESIAN_POINT('',(-84.97500632434,162.69643880684,
    18.460131825562));
#1560 = CARTESIAN_POINT('',(-84.37765465292,163.04131995514,
    18.144276513236));
#1561 = CARTESIAN_POINT('',(-82.5841374572,164.07680759088,
    17.082877097489));
#1562 = CARTESIAN_POINT('',(-81.43111481346,164.74250552463,
    16.239118718881));
#1563 = CARTESIAN_POINT('',(-80.34710789969,165.3683572081,
    15.274619986955));
#1564 = CARTESIAN_POINT('',(-79.3433379397,165.9478840647,
    14.198606598346));
#1565 = CARTESIAN_POINT('',(-78.42982904427,166.47529867138,
    13.021791636632));
#1566 = CARTESIAN_POINT('',(-77.61541044308,166.94550347002,
    11.756360169793));
#1567 = CARTESIAN_POINT('',(-76.19945611247,167.76300508395,
    9.076420892111));
#1568 = CARTESIAN_POINT('',(-75.59762954659,168.11046981377,
    7.661437269465));
#1569 = CARTESIAN_POINT('',(-75.10933582403,168.39238632593,
    6.185228752259));
#1570 = CARTESIAN_POINT('',(-74.73991852549,168.60566950269,
    4.662397035654));
#1571 = CARTESIAN_POINT('',(-74.4930535242,168.74819707764,
    3.108096716863));
#1572 = CARTESIAN_POINT('',(-74.37074373866,168.81881266524,
    1.53800447534));
#1573 = CARTESIAN_POINT('',(-74.37502322145,168.8163419047,
    -1.592133599224));
#1574 = CARTESIAN_POINT('',(-74.50018715846,168.74407847198,
    -3.152748157803));
#1575 = CARTESIAN_POINT('',(-74.74843422588,168.60075296078,
    -4.697396662541));
#1576 = CARTESIAN_POINT('',(-75.117766662,168.38751877936,
    -6.210676589745));
#1577 = CARTESIAN_POINT('',(-75.60455111846,168.10647364239,
    -7.677699264814));
#1578 = CARTESIAN_POINT('',(-76.20352372018,167.76065664955,
    -9.084119545538));
#1579 = CARTESIAN_POINT('',(-77.61541044308,166.94550347002,
    -11.75636016979));
#1580 = CARTESIAN_POINT('',(-78.42982904428,166.47529867138,
    -13.02179163664));
#1581 = CARTESIAN_POINT('',(-79.34333793969,165.94788406471,
    -14.19860659833));
#1582 = CARTESIAN_POINT('',(-80.34710789971,165.36835720809,
    -15.27461998696));
#1583 = CARTESIAN_POINT('',(-81.43111481345,164.74250552463,
    -16.23911871887));
#1584 = CARTESIAN_POINT('',(-82.58413745721,164.07680759088,
    -17.08287709749));
#1585 = CARTESIAN_POINT('',(-83.94647178219,163.29026350163,
    -17.88910346657));
#1586 = CARTESIAN_POINT('',(-84.10034155628,163.20142674613,
    -17.97758115244));
#1587 = CARTESIAN_POINT('',(-84.25509152497,163.11208181006,
    -18.06399780303));
#1588 = CARTESIAN_POINT('',(-84.41069672736,163.02224310457,
    -18.14833944203));
#1589 = CARTESIAN_POINT('',(-84.56713200576,162.93192515447,
    -18.23059260654));
#1590 = CARTESIAN_POINT('',(-84.72437200561,162.84114259823,
    -18.31074434703));
#1591 = CARTESIAN_POINT('',(-85.02606143841,162.66696212299,
    -18.45973388963));
#1592 = CARTESIAN_POINT('',(-85.1703758044,162.58364218494,
    -18.52893816492));
#1593 = CARTESIAN_POINT('',(-85.31531507154,162.49996146004,
    -18.59638570811));
#1594 = CARTESIAN_POINT('',(-85.46085992815,162.4159310979,
    -18.66206753431));
#1595 = CARTESIAN_POINT('',(-85.6069909529,162.33156231142,
    -18.72597501878));
#1596 = CARTESIAN_POINT('',(-85.7536886148,162.24686637683,
    -18.78809989697));
#1597 = CARTESIAN_POINT('',(-86.02610477032,162.08958683611,
    -18.89972402404));
#1598 = CARTESIAN_POINT('',(-86.15167156475,162.01709081355,
    -18.94971986181));
#1599 = CARTESIAN_POINT('',(-86.27762159254,161.9443735311,
    -18.99841692285));
#1600 = CARTESIAN_POINT('',(-86.40394274426,161.87144198015,
    -19.04581054312));
#1601 = CARTESIAN_POINT('',(-86.53062286492,161.79830317839,
    -19.0918962495));
#1602 = CARTESIAN_POINT('',(-86.65764975403,161.72496416976,
    -19.1366697598));
#1603 = CARTESIAN_POINT('',(-86.9723303819,161.54328322456,
    -19.24404251928));
#1604 = CARTESIAN_POINT('',(-87.16037324659,161.434716626,
    -19.30511071739));
#1605 = CARTESIAN_POINT('',(-87.34910078388,161.32575473155,
    -19.36331856066));
#1606 = CARTESIAN_POINT('',(-87.53847386522,161.21642013206,
    -19.41865393257));
#1607 = CARTESIAN_POINT('',(-87.72845320937,161.10673550658,
    -19.47110561649));
#1608 = CARTESIAN_POINT('',(-87.9189993823,160.99672362234,
    -19.52066329569));
#1609 = CARTESIAN_POINT('',(-88.61460695006,160.59511440584,
    -19.69050929281));
#1610 = CARTESIAN_POINT('',(-89.12281907217,160.30169800033,
    -19.79345772782));
#1611 = CARTESIAN_POINT('',(-89.6339778132,160.0065803636,
    -19.87598848347));
#1612 = CARTESIAN_POINT('',(-90.14734973803,159.71018494461,
    -19.93797263866));
#1613 = CARTESIAN_POINT('',(-90.66219935708,159.41293637846,
    -19.97932429616));
#1614 = CARTESIAN_POINT('',(-91.17778865775,159.11526075692,-20.));
#1615 = CARTESIAN_POINT('',(-91.69337613708,158.81758618694,-20.));
#1616 = PCURVE('',#879,#1617);
#1617 = DEFINITIONAL_REPRESENTATION('',(#1618),#1765);
#1618 = B_SPLINE_CURVE_WITH_KNOTS('',7,(#1619,#1620,#1621,#1622,#1623,
    #1624,#1625,#1626,#1627,#1628,#1629,#1630,#1631,#1632,#1633,#1634,
    #1635,#1636,#1637,#1638,#1639,#1640,#1641,#1642,#1643,#1644,#1645,
    #1646,#1647,#1648,#1649,#1650,#1651,#1652,#1653,#1654,#1655,#1656,
    #1657,#1658,#1659,#1660,#1661,#1662,#1663,#1664,#1665,#1666,#1667,
    #1668,#1669,#1670,#1671,#1672,#1673,#1674,#1675,#1676,#1677,#1678,
    #1679,#1680,#1681,#1682,#1683,#1684,#1685,#1686,#1687,#1688,#1689,
    #1690,#1691,#1692,#1693,#1694,#1695,#1696,#1697,#1698,#1699,#1700,
    #1701,#1702,#1703,#1704,#1705,#1706,#1707,#1708,#1709,#1710,#1711,
    #1712,#1713,#1714,#1715,#1716,#1717,#1718,#1719,#1720,#1721,#1722,
    #1723,#1724,#1725,#1726,#1727,#1728,#1729,#1730,#1731,#1732,#1733,
    #1734,#1735,#1736,#1737,#1738,#1739,#1740,#1741,#1742,#1743,#1744,
    #1745,#1746,#1747,#1748,#1749,#1750,#1751,#1752,#1753,#1754,#1755,
    #1756,#1757,#1758,#1759,#1760,#1761,#1762,#1763,#1764),
  .UNSPECIFIED.,.F.,.F.,(8,6,6,6,6,6,6,6,6,6,6,6,6,6,6,6,6,6,6,6,6,6,6,6
    ,8),(0.,3.369300952176E-02,4.626263176349E-02,6.033841964398E-02,
    7.491457403789E-02,0.162337560054,0.250250748312,0.337159443823,
    0.424582246491,0.435639754369,0.445693186898,0.454239528852,
    0.466809223689,0.499999818704,0.53319041372,0.575417228742,
    0.66284002229,0.750250953042,0.837159640398,0.924582434864,
    0.935639941703,0.94569337329,0.954239714441,0.966809408099,1.),
  .UNSPECIFIED.);
#1619 = CARTESIAN_POINT('',(8.881784197001E-16,-183.3867522741));
#1620 = CARTESIAN_POINT('',(-3.021983389678E-02,-183.3867522741));
#1621 = CARTESIAN_POINT('',(-6.043825120881E-02,-183.3867522741));
#1622 = CARTESIAN_POINT('',(-9.065660660489E-02,-183.3867522741));
#1623 = CARTESIAN_POINT('',(-0.120876001615,-183.3867522741));
#1624 = CARTESIAN_POINT('',(-0.151097141926,-183.3867522741));
#1625 = CARTESIAN_POINT('',(-0.181320163848,-183.3867522741));
#1626 = CARTESIAN_POINT('',(-0.222819991628,-183.3867522741));
#1627 = CARTESIAN_POINT('',(-0.234095806135,-183.3867522741));
#1628 = CARTESIAN_POINT('',(-0.245371882515,-183.3867522741));
#1629 = CARTESIAN_POINT('',(-0.256648227849,-183.3867522741));
#1630 = CARTESIAN_POINT('',(-0.267924847239,-183.3867522741));
#1631 = CARTESIAN_POINT('',(-0.279201743813,-183.3867522741));
#1632 = CARTESIAN_POINT('',(-0.303107390677,-183.3867522741));
#1633 = CARTESIAN_POINT('',(-0.315736212933,-183.3867522741));
#1634 = CARTESIAN_POINT('',(-0.328365386791,-183.3867522741));
#1635 = CARTESIAN_POINT('',(-0.34099491132,-183.3867522741));
#1636 = CARTESIAN_POINT('',(-0.353624783358,-183.3867522741));
#1637 = CARTESIAN_POINT('',(-0.366254997512,-183.3867522741));
#1638 = CARTESIAN_POINT('',(-0.391965085918,-183.3867522741));
#1639 = CARTESIAN_POINT('',(-0.405044986119,-183.3867522741));
#1640 = CARTESIAN_POINT('',(-0.41812523828,-183.3867522741));
#1641 = CARTESIAN_POINT('',(-0.431205832668,-183.3867522741));
#1642 = CARTESIAN_POINT('',(-0.444286758302,-183.3867522741));
#1643 = CARTESIAN_POINT('',(-0.457368002955,-183.3867522741));
#1644 = CARTESIAN_POINT('',(-0.548908394141,-183.3867522741));
#1645 = CARTESIAN_POINT('',(-0.627392537253,-183.3867522741));
#1646 = CARTESIAN_POINT('',(-0.705873058099,-183.3867522741));
#1647 = CARTESIAN_POINT('',(-0.784354185888,-183.3867522741));
#1648 = CARTESIAN_POINT('',(-0.862843107592,-183.3867522741));
#1649 = CARTESIAN_POINT('',(-0.941345218748,-183.3867522741));
#1650 = CARTESIAN_POINT('',(-1.098762075104,-183.3867522741));
#1651 = CARTESIAN_POINT('',(-1.177706044424,-183.3867522741));
#1652 = CARTESIAN_POINT('',(-1.256639756639,-183.3867522741));
#1653 = CARTESIAN_POINT('',(-1.335566808882,-183.3867522741));
#1654 = CARTESIAN_POINT('',(-1.414500636206,-183.3867522741));
#1655 = CARTESIAN_POINT('',(-1.493445078018,-183.3867522741));
#1656 = CARTESIAN_POINT('',(-1.650403104645,-183.3867522741));
#1657 = CARTESIAN_POINT('',(-1.728444897065,-183.3867522741));
#1658 = CARTESIAN_POINT('',(-1.806476659683,-183.3867522741));
#1659 = CARTESIAN_POINT('',(-1.884502019184,-183.3867522741));
#1660 = CARTESIAN_POINT('',(-1.962533667569,-183.3867522741));
#1661 = CARTESIAN_POINT('',(-2.040574998998,-183.3867522741));
#1662 = CARTESIAN_POINT('',(-2.19708992463,-183.3867522741));
#1663 = CARTESIAN_POINT('',(-2.275591916372,-183.3867522741));
#1664 = CARTESIAN_POINT('',(-2.354080752688,-183.3867522741));
#1665 = CARTESIAN_POINT('',(-2.432561846687,-183.3867522741));
#1666 = CARTESIAN_POINT('',(-2.511042404384,-183.3867522741));
#1667 = CARTESIAN_POINT('',(-2.589526670573,-183.3867522741));
#1668 = CARTESIAN_POINT('',(-2.677909465499,-183.3867522741));
#1669 = CARTESIAN_POINT('',(-2.687833035234,-183.3867522741));
#1670 = CARTESIAN_POINT('',(-2.697756424323,-183.3867522741));
#1671 = CARTESIAN_POINT('',(-2.707679627345,-183.3867522741));
#1672 = CARTESIAN_POINT('',(-2.717602639227,-183.3867522741));
#1673 = CARTESIAN_POINT('',(-2.727525455243,-183.3867522741));
#1674 = CARTESIAN_POINT('',(-2.746469665152,-183.3867522741));
#1675 = CARTESIAN_POINT('',(-2.755491094093,-183.3867522741));
#1676 = CARTESIAN_POINT('',(-2.764512354564,-183.3867522741));
#1677 = CARTESIAN_POINT('',(-2.773533443741,-183.3867522741));
#1678 = CARTESIAN_POINT('',(-2.78255435925,-183.3867522741));
#1679 = CARTESIAN_POINT('',(-2.791575099174,-183.3867522741));
#1680 = CARTESIAN_POINT('',(-2.808263969826,-183.3867522741));
#1681 = CARTESIAN_POINT('',(-2.81593214983,-183.3867522741));
#1682 = CARTESIAN_POINT('',(-2.823600201181,-183.3867522741));
#1683 = CARTESIAN_POINT('',(-2.831268123344,-183.3867522741));
#1684 = CARTESIAN_POINT('',(-2.838935916119,-183.3867522741));
#1685 = CARTESIAN_POINT('',(-2.84660357965,-183.3867522741));
#1686 = CARTESIAN_POINT('',(-2.865548286885,-183.3867522741));
#1687 = CARTESIAN_POINT('',(-2.876825181321,-183.3867522741));
#1688 = CARTESIAN_POINT('',(-2.88810179917,-183.3867522741));
#1689 = CARTESIAN_POINT('',(-2.899378143866,-183.3867522741));
#1690 = CARTESIAN_POINT('',(-2.91065422083,-183.3867522741));
#1691 = CARTESIAN_POINT('',(-2.921930037475,-183.3867522741));
#1692 = CARTESIAN_POINT('',(-2.962979017786,-183.3867522741));
#1693 = CARTESIAN_POINT('',(-2.992750786836,-183.3867522741));
#1694 = CARTESIAN_POINT('',(-3.022520905802,-183.3867522741));
#1695 = CARTESIAN_POINT('',(-3.052289694534,-183.3867522741));
#1696 = CARTESIAN_POINT('',(-3.082057634783,-183.3867522741));
#1697 = CARTESIAN_POINT('',(-3.111825196592,-183.3867522741));
#1698 = CARTESIAN_POINT('',(-3.171360110588,-183.3867522741));
#1699 = CARTESIAN_POINT('',(-3.201127672397,-183.3867522741));
#1700 = CARTESIAN_POINT('',(-3.230895612645,-183.3867522741));
#1701 = CARTESIAN_POINT('',(-3.260664401377,-183.3867522741));
#1702 = CARTESIAN_POINT('',(-3.290434520343,-183.3867522741));
#1703 = CARTESIAN_POINT('',(-3.320206289394,-183.3867522741));
#1704 = CARTESIAN_POINT('',(-3.387859002909,-183.3867522741));
#1705 = CARTESIAN_POINT('',(-3.425741563713,-183.3867522741));
#1706 = CARTESIAN_POINT('',(-3.463627008493,-183.3867522741));
#1707 = CARTESIAN_POINT('',(-3.50151552867,-183.3867522741));
#1708 = CARTESIAN_POINT('',(-3.539407386131,-183.3867522741));
#1709 = CARTESIAN_POINT('',(-3.577302423892,-183.3867522741));
#1710 = CARTESIAN_POINT('',(-3.693658636606,-183.3867522741));
#1711 = CARTESIAN_POINT('',(-3.772142902796,-183.3867522741));
#1712 = CARTESIAN_POINT('',(-3.850623460494,-183.3867522741));
#1713 = CARTESIAN_POINT('',(-3.92910455449,-183.3867522741));
#1714 = CARTESIAN_POINT('',(-4.007593390808,-183.3867522741));
#1715 = CARTESIAN_POINT('',(-4.086095382549,-183.3867522741));
#1716 = CARTESIAN_POINT('',(-4.243061223476,-183.3867522741));
#1717 = CARTESIAN_POINT('',(-4.32155387476,-183.3867522741));
#1718 = CARTESIAN_POINT('',(-4.40003655413,-183.3867522741));
#1719 = CARTESIAN_POINT('',(-4.478512758771,-183.3867522741));
#1720 = CARTESIAN_POINT('',(-4.556995549642,-183.3867522741));
#1721 = CARTESIAN_POINT('',(-4.635488659478,-183.3867522741));
#1722 = CARTESIAN_POINT('',(-4.791995758235,-183.3867522741));
#1723 = CARTESIAN_POINT('',(-4.870037550655,-183.3867522741));
#1724 = CARTESIAN_POINT('',(-4.948069313273,-183.3867522741));
#1725 = CARTESIAN_POINT('',(-5.026094672773,-183.3867522741));
#1726 = CARTESIAN_POINT('',(-5.104126321159,-183.3867522741));
#1727 = CARTESIAN_POINT('',(-5.182167652588,-183.3867522741));
#1728 = CARTESIAN_POINT('',(-5.33868257822,-183.3867522741));
#1729 = CARTESIAN_POINT('',(-5.417184569962,-183.3867522741));
#1730 = CARTESIAN_POINT('',(-5.495673406277,-183.3867522741));
#1731 = CARTESIAN_POINT('',(-5.574154500278,-183.3867522741));
#1732 = CARTESIAN_POINT('',(-5.652635057973,-183.3867522741));
#1733 = CARTESIAN_POINT('',(-5.731119324163,-183.3867522741));
#1734 = CARTESIAN_POINT('',(-5.819502119089,-183.3867522741));
#1735 = CARTESIAN_POINT('',(-5.829425688824,-183.3867522741));
#1736 = CARTESIAN_POINT('',(-5.839349077913,-183.3867522741));
#1737 = CARTESIAN_POINT('',(-5.849272280935,-183.3867522741));
#1738 = CARTESIAN_POINT('',(-5.859195292816,-183.3867522741));
#1739 = CARTESIAN_POINT('',(-5.869118108833,-183.3867522741));
#1740 = CARTESIAN_POINT('',(-5.888062318742,-183.3867522741));
#1741 = CARTESIAN_POINT('',(-5.897083747683,-183.3867522741));
#1742 = CARTESIAN_POINT('',(-5.906105008154,-183.3867522741));
#1743 = CARTESIAN_POINT('',(-5.915126097331,-183.3867522741));
#1744 = CARTESIAN_POINT('',(-5.92414701284,-183.3867522741));
#1745 = CARTESIAN_POINT('',(-5.933167752764,-183.3867522741));
#1746 = CARTESIAN_POINT('',(-5.949856623416,-183.3867522741));
#1747 = CARTESIAN_POINT('',(-5.95752480342,-183.3867522741));
#1748 = CARTESIAN_POINT('',(-5.965192854771,-183.3867522741));
#1749 = CARTESIAN_POINT('',(-5.972860776933,-183.3867522741));
#1750 = CARTESIAN_POINT('',(-5.980528569709,-183.3867522741));
#1751 = CARTESIAN_POINT('',(-5.98819623324,-183.3867522741));
#1752 = CARTESIAN_POINT('',(-6.007140940475,-183.3867522741));
#1753 = CARTESIAN_POINT('',(-6.018417834911,-183.3867522741));
#1754 = CARTESIAN_POINT('',(-6.02969445276,-183.3867522741));
#1755 = CARTESIAN_POINT('',(-6.040970797456,-183.3867522741));
#1756 = CARTESIAN_POINT('',(-6.05224687442,-183.3867522741));
#1757 = CARTESIAN_POINT('',(-6.063522691065,-183.3867522741));
#1758 = CARTESIAN_POINT('',(-6.104571671376,-183.3867522741));
#1759 = CARTESIAN_POINT('',(-6.134343440426,-183.3867522741));
#1760 = CARTESIAN_POINT('',(-6.164113559392,-183.3867522741));
#1761 = CARTESIAN_POINT('',(-6.193882348124,-183.3867522741));
#1762 = CARTESIAN_POINT('',(-6.223650288373,-183.3867522741));
#1763 = CARTESIAN_POINT('',(-6.253417850182,-183.3867522741));
#1764 = CARTESIAN_POINT('',(-6.28318530718,-183.3867522741));
#1765 = ( GEOMETRIC_REPRESENTATION_CONTEXT(2) 
PARAMETRIC_REPRESENTATION_CONTEXT() REPRESENTATION_CONTEXT('2D SPACE',''
  ) );
#1766 = PCURVE('',#1767,#1772);
#1767 = SPHERICAL_SURFACE('',#1768,26.);
#1768 = AXIS2_PLACEMENT_3D('',#1769,#1770,#1771);
#1769 = CARTESIAN_POINT('',(-100.,173.20508075688,0.));
#1770 = DIRECTION('',(0.,0.,1.));
#1771 = DIRECTION('',(1.,0.,0.));
#1772 = DEFINITIONAL_REPRESENTATION('',(#1773),#1920);
#1773 = B_SPLINE_CURVE_WITH_KNOTS('',7,(#1774,#1775,#1776,#1777,#1778,
    #1779,#1780,#1781,#1782,#1783,#1784,#1785,#1786,#1787,#1788,#1789,
    #1790,#1791,#1792,#1793,#1794,#1795,#1796,#1797,#1798,#1799,#1800,
    #1801,#1802,#1803,#1804,#1805,#1806,#1807,#1808,#1809,#1810,#1811,
    #1812,#1813,#1814,#1815,#1816,#1817,#1818,#1819,#1820,#1821,#1822,
    #1823,#1824,#1825,#1826,#1827,#1828,#1829,#1830,#1831,#1832,#1833,
    #1834,#1835,#1836,#1837,#1838,#1839,#1840,#1841,#1842,#1843,#1844,
    #1845,#1846,#1847,#1848,#1849,#1850,#1851,#1852,#1853,#1854,#1855,
    #1856,#1857,#1858,#1859,#1860,#1861,#1862,#1863,#1864,#1865,#1866,
    #1867,#1868,#1869,#1870,#1871,#1872,#1873,#1874,#1875,#1876,#1877,
    #1878,#1879,#1880,#1881,#1882,#1883,#1884,#1885,#1886,#1887,#1888,
    #1889,#1890,#1891,#1892,#1893,#1894,#1895,#1896,#1897,#1898,#1899,
    #1900,#1901,#1902,#1903,#1904,#1905,#1906,#1907,#1908,#1909,#1910,
    #1911,#1912,#1913,#1914,#1915,#1916,#1917,#1918,#1919),
  .UNSPECIFIED.,.T.,.F.,(8,6,6,6,6,6,6,6,6,6,6,6,6,6,6,6,6,6,6,6,6,6,6,6
    ,8),(0.,3.369300952176E-02,4.626263176349E-02,6.033841964398E-02,
    7.491457403789E-02,0.162337560054,0.250250748312,0.337159443823,
    0.424582246491,0.435639754369,0.445693186898,0.454239528852,
    0.466809223689,0.499999818704,0.53319041372,0.575417228742,
    0.66284002229,0.750250953042,0.837159640398,0.924582434864,
    0.935639941703,0.94569337329,0.954239714441,0.966809408099,1.),
  .UNSPECIFIED.);
#1774 = CARTESIAN_POINT('',(5.235987755983,-0.877636419218));
#1775 = CARTESIAN_POINT('',(5.199607351145,-0.877636419218));
#1776 = CARTESIAN_POINT('',(5.163228706036,-0.876353788377));
#1777 = CARTESIAN_POINT('',(5.127061444823,-0.873788670645));
#1778 = CARTESIAN_POINT('',(5.091316464691,-0.869956440252));
#1779 = CARTESIAN_POINT('',(5.056187112749,-0.864887260323));
#1780 = CARTESIAN_POINT('',(5.021837741426,-0.858623756631));
#1781 = CARTESIAN_POINT('',(4.975925117833,-0.848453545923));
#1782 = CARTESIAN_POINT('',(4.963577336927,-0.845531113795));
#1783 = CARTESIAN_POINT('',(4.951363086183,-0.842452173785));
#1784 = CARTESIAN_POINT('',(4.939288500777,-0.839219507476));
#1785 = CARTESIAN_POINT('',(4.927359064518,-0.83583601438));
#1786 = CARTESIAN_POINT('',(4.915579609853,-0.832304711929));
#1787 = CARTESIAN_POINT('',(4.890936015402,-0.824512282034));
#1788 = CARTESIAN_POINT('',(4.878111066764,-0.820214368745));
#1789 = CARTESIAN_POINT('',(4.865485285916,-0.815739402696));
#1790 = CARTESIAN_POINT('',(4.853063567286,-0.81109185163));
#1791 = CARTESIAN_POINT('',(4.840849885759,-0.806276243945));
#1792 = CARTESIAN_POINT('',(4.828847296678,-0.801297168693));
#1793 = CARTESIAN_POINT('',(4.804849486476,-0.790838740507));
#1794 = CARTESIAN_POINT('',(4.792869780147,-0.785347858292));
#1795 = CARTESIAN_POINT('',(4.781121157444,-0.77969178119));
#1796 = CARTESIAN_POINT('',(4.76960517588,-0.773875616025));
#1797 = CARTESIAN_POINT('',(4.758322609893,-0.7679044242));
#1798 = CARTESIAN_POINT('',(4.74727345085,-0.76178322169));
#1799 = CARTESIAN_POINT('',(4.671582830347,-0.71793411407));
#1800 = CARTESIAN_POINT('',(4.615065995791,-0.675126169968));
#1801 = CARTESIAN_POINT('',(4.566793301285,-0.628169411675));
#1802 = CARTESIAN_POINT('',(4.525771312784,-0.578013900185));
#1803 = CARTESIAN_POINT('',(4.491094493693,-0.525330686339));
#1804 = CARTESIAN_POINT('',(4.462002197222,-0.470662388937));
#1805 = CARTESIAN_POINT('',(4.413656910047,-0.357948062004));
#1806 = CARTESIAN_POINT('',(4.394451646186,-0.299864032728));
#1807 = CARTESIAN_POINT('',(4.379676824587,-0.240671172632));
#1808 = CARTESIAN_POINT('',(4.368887266472,-0.180704285274));
#1809 = CARTESIAN_POINT('',(4.3618015131,-0.120230993792));
#1810 = CARTESIAN_POINT('',(4.358290703381,-5.950092991335E-02));
#1811 = CARTESIAN_POINT('',(4.358412495343,6.123595221812E-02));
#1812 = CARTESIAN_POINT('',(4.361963979007,0.12126454543));
#1813 = CARTESIAN_POINT('',(4.369012059756,0.181038231568));
#1814 = CARTESIAN_POINT('',(4.379683088782,0.240315350964));
#1815 = CARTESIAN_POINT('',(4.394249057087,0.298836751617));
#1816 = CARTESIAN_POINT('',(4.413138149452,0.356279343025));
#1817 = CARTESIAN_POINT('',(4.460864404763,0.46845338272));
#1818 = CARTESIAN_POINT('',(4.489767865629,0.523187005834));
#1819 = CARTESIAN_POINT('',(4.524234762575,0.575950453004));
#1820 = CARTESIAN_POINT('',(4.565022733748,0.626204408975));
#1821 = CARTESIAN_POINT('',(4.613034274449,0.673281945284));
#1822 = CARTESIAN_POINT('',(4.669266707609,0.716238699298));
#1823 = CARTESIAN_POINT('',(4.742020978396,0.758777225608));
#1824 = CARTESIAN_POINT('',(4.750323741186,0.763470527747));
#1825 = CARTESIAN_POINT('',(4.758760675073,0.768078688823));
#1826 = CARTESIAN_POINT('',(4.767331896861,0.77259953152));
#1827 = CARTESIAN_POINT('',(4.776037279931,0.777030858793));
#1828 = CARTESIAN_POINT('',(4.784876454236,0.781370453876));
#1829 = CARTESIAN_POINT('',(4.802006425287,0.789476183205));
#1830 = CARTESIAN_POINT('',(4.810274115863,0.793258614488));
#1831 = CARTESIAN_POINT('',(4.818651411442,0.796961692654));
#1832 = CARTESIAN_POINT('',(4.827137629806,0.800583739626));
#1833 = CARTESIAN_POINT('',(4.83573187312,0.804123080724));
#1834 = CARTESIAN_POINT('',(4.844433027924,0.807578044661));
#1835 = CARTESIAN_POINT('',(4.86072630145,0.813810854334));
#1836 = CARTESIAN_POINT('',(4.868289130249,0.816612568218));
#1837 = CARTESIAN_POINT('',(4.875927430253,0.819351081301));
#1838 = CARTESIAN_POINT('',(4.883640249492,0.822025381732));
#1839 = CARTESIAN_POINT('',(4.891426505304,0.824634469713));
#1840 = CARTESIAN_POINT('',(4.899284984337,0.827177357497));
#1841 = CARTESIAN_POINT('',(4.918876596811,0.833294269698));
#1842 = CARTESIAN_POINT('',(4.930692168312,0.836790175019));
#1843 = CARTESIAN_POINT('',(4.942656772125,0.840137662628));
#1844 = CARTESIAN_POINT('',(4.954765471797,0.843333730949));
#1845 = CARTESIAN_POINT('',(4.967012679344,0.846375499554));
#1846 = CARTESIAN_POINT('',(4.979392155256,0.849260209163));
#1847 = CARTESIAN_POINT('',(5.024916387625,0.859180685555));
#1848 = CARTESIAN_POINT('',(5.058810034886,0.865262787535));
#1849 = CARTESIAN_POINT('',(5.093451175966,0.87018357088));
#1850 = CARTESIAN_POINT('',(5.128681700898,0.873902782928));
#1851 = CARTESIAN_POINT('',(5.16431606128,0.876391899904));
#1852 = CARTESIAN_POINT('',(5.200151948934,0.877636419218));
#1853 = CARTESIAN_POINT('',(5.271823563032,0.877636419218));
#1854 = CARTESIAN_POINT('',(5.307659450686,0.876391899904));
#1855 = CARTESIAN_POINT('',(5.343293811068,0.873902782928));
#1856 = CARTESIAN_POINT('',(5.378524336,0.87018357088));
#1857 = CARTESIAN_POINT('',(5.41316547708,0.865262787535));
#1858 = CARTESIAN_POINT('',(5.447059124341,0.859180685555));
#1859 = CARTESIAN_POINT('',(5.522087488678,0.842830775223));
#1860 = CARTESIAN_POINT('',(5.562682182912,0.831874115505));
#1861 = CARTESIAN_POINT('',(5.601599486326,0.819213978092));
#1862 = CARTESIAN_POINT('',(5.638662580754,0.804970313995));
#1863 = CARTESIAN_POINT('',(5.67377951785,0.789270600395));
#1864 = CARTESIAN_POINT('',(5.706927590211,0.772240795861));
#1865 = CARTESIAN_POINT('',(5.802708804357,0.716238699298));
#1866 = CARTESIAN_POINT('',(5.858941237517,0.673281945284));
#1867 = CARTESIAN_POINT('',(5.906952778219,0.626204408975));
#1868 = CARTESIAN_POINT('',(5.94774074939,0.575950453004));
#1869 = CARTESIAN_POINT('',(5.982207646337,0.523187005834));
#1870 = CARTESIAN_POINT('',(6.011111107203,0.46845338272));
#1871 = CARTESIAN_POINT('',(6.058974860573,0.355956172631));
#1872 = CARTESIAN_POINT('',(6.077944670291,0.298172612253));
#1873 = CARTESIAN_POINT('',(6.092544617565,0.239300331874));
#1874 = CARTESIAN_POINT('',(6.103209397473,0.179667463781));
#1875 = CARTESIAN_POINT('',(6.110213981175,0.119536906702));
#1876 = CARTESIAN_POINT('',(6.113684458686,5.91540624968E-02));
#1877 = CARTESIAN_POINT('',(6.113563016623,-6.123595221817E-02));
#1878 = CARTESIAN_POINT('',(6.110011532959,-0.12126454543));
#1879 = CARTESIAN_POINT('',(6.10296345221,-0.181038231568));
#1880 = CARTESIAN_POINT('',(6.092292423184,-0.240315350964));
#1881 = CARTESIAN_POINT('',(6.077726454879,-0.298836751617));
#1882 = CARTESIAN_POINT('',(6.058837362514,-0.356279343025));
#1883 = CARTESIAN_POINT('',(6.011111107203,-0.46845338272));
#1884 = CARTESIAN_POINT('',(5.982207646337,-0.523187005834));
#1885 = CARTESIAN_POINT('',(5.94774074939,-0.575950453004));
#1886 = CARTESIAN_POINT('',(5.906952778219,-0.626204408975));
#1887 = CARTESIAN_POINT('',(5.858941237517,-0.673281945284));
#1888 = CARTESIAN_POINT('',(5.802708804357,-0.716238699298));
#1889 = CARTESIAN_POINT('',(5.72995453357,-0.758777225608));
#1890 = CARTESIAN_POINT('',(5.72165177078,-0.763470527747));
#1891 = CARTESIAN_POINT('',(5.713214836893,-0.768078688823));
#1892 = CARTESIAN_POINT('',(5.704643615105,-0.77259953152));
#1893 = CARTESIAN_POINT('',(5.695938232035,-0.777030858793));
#1894 = CARTESIAN_POINT('',(5.68709905773,-0.781370453876));
#1895 = CARTESIAN_POINT('',(5.669969086679,-0.789476183206));
#1896 = CARTESIAN_POINT('',(5.661701396102,-0.793258614489));
#1897 = CARTESIAN_POINT('',(5.653324100524,-0.796961692654));
#1898 = CARTESIAN_POINT('',(5.64483788216,-0.800583739626));
#1899 = CARTESIAN_POINT('',(5.636243638846,-0.804123080724));
#1900 = CARTESIAN_POINT('',(5.627542484042,-0.807578044661));
#1901 = CARTESIAN_POINT('',(5.611249210515,-0.813810854334));
#1902 = CARTESIAN_POINT('',(5.603686381717,-0.816612568218));
#1903 = CARTESIAN_POINT('',(5.596048081713,-0.819351081301));
#1904 = CARTESIAN_POINT('',(5.588335262474,-0.822025381732));
#1905 = CARTESIAN_POINT('',(5.580549006661,-0.824634469713));
#1906 = CARTESIAN_POINT('',(5.572690527629,-0.827177357498));
#1907 = CARTESIAN_POINT('',(5.553098915155,-0.833294269698));
#1908 = CARTESIAN_POINT('',(5.541283343653,-0.836790175019));
#1909 = CARTESIAN_POINT('',(5.529318739841,-0.840137662628));
#1910 = CARTESIAN_POINT('',(5.517210040169,-0.843333730949));
#1911 = CARTESIAN_POINT('',(5.504962832621,-0.846375499554));
#1912 = CARTESIAN_POINT('',(5.49258335671,-0.849260209163));
#1913 = CARTESIAN_POINT('',(5.447059124341,-0.859180685555));
#1914 = CARTESIAN_POINT('',(5.41316547708,-0.865262787535));
#1915 = CARTESIAN_POINT('',(5.378524336,-0.87018357088));
#1916 = CARTESIAN_POINT('',(5.343293811068,-0.873902782928));
#1917 = CARTESIAN_POINT('',(5.307659450686,-0.876391899904));
#1918 = CARTESIAN_POINT('',(5.271823563032,-0.877636419218));
#1919 = CARTESIAN_POINT('',(5.235987755983,-0.877636419218));
#1920 = ( GEOMETRIC_REPRESENTATION_CONTEXT(2) 
PARAMETRIC_REPRESENTATION_CONTEXT() REPRESENTATION_CONTEXT('2D SPACE',''
  ) );
#1921 = ORIENTED_EDGE('',*,*,#1444,.F.);
#1922 = ORIENTED_EDGE('',*,*,#1923,.F.);
#1923 = EDGE_CURVE('',#345,#347,#1924,.T.);
#1924 = SURFACE_CURVE('',#1925,(#1930,#1950),.PCURVE_S1.);
#1925 = ELLIPSE('',#1926,40.,20.);
#1926 = AXIS2_PLACEMENT_3D('',#1927,#1928,#1929);
#1927 = CARTESIAN_POINT('',(0.,0.,0.));
#1928 = DIRECTION('',(-1.,-5.551115123126E-16,-1.110223024625E-16));
#1929 = DIRECTION('',(5.551115123126E-16,-1.,-6.409875621279E-17));
#1930 = PCURVE('',#879,#1931);
#1931 = DEFINITIONAL_REPRESENTATION('',(#1932),#1949);
#1932 = B_SPLINE_CURVE_WITH_KNOTS('',8,(#1933,#1934,#1935,#1936,#1937,
    #1938,#1939,#1940,#1941,#1942,#1943,#1944,#1945,#1946,#1947,#1948),
  .UNSPECIFIED.,.F.,.F.,(9,7,9),(1.570796326266,3.141592653325,
    4.712388980385),.UNSPECIFIED.);
#1933 = CARTESIAN_POINT('',(-3.141592653061,1.832036761651E-08));
#1934 = CARTESIAN_POINT('',(-3.337942193943,-6.801747598703));
#1935 = CARTESIAN_POINT('',(-3.534291734824,-13.60349683142));
#1936 = CARTESIAN_POINT('',(-3.730641275708,-20.00564619664));
#1937 = CARTESIAN_POINT('',(-3.926990816573,-25.60867430878));
#1938 = CARTESIAN_POINT('',(-4.123340357473,-30.06209895298));
#1939 = CARTESIAN_POINT('',(-4.319689898352,-33.11470609463));
#1940 = CARTESIAN_POINT('',(-4.516039439238,-34.64101614957));
#1941 = CARTESIAN_POINT('',(-4.908738521003,-34.64101615317));
#1942 = CARTESIAN_POINT('',(-5.105088061883,-33.11470610183));
#1943 = CARTESIAN_POINT('',(-5.301437602768,-30.06209896357));
#1944 = CARTESIAN_POINT('',(-5.497787143649,-25.60867432245));
#1945 = CARTESIAN_POINT('',(-5.694136684535,-20.0056462126));
#1946 = CARTESIAN_POINT('',(-5.890486225413,-13.60349684895));
#1947 = CARTESIAN_POINT('',(-6.086835766297,-6.801747617023));
#1948 = CARTESIAN_POINT('',(-6.28318530718,-6.363451432349E-15));
#1949 = ( GEOMETRIC_REPRESENTATION_CONTEXT(2) 
PARAMETRIC_REPRESENTATION_CONTEXT() REPRESENTATION_CONTEXT('2D SPACE',''
  ) );
#1950 = PCURVE('',#1951,#1956);
#1951 = CYLINDRICAL_SURFACE('',#1952,20.);
#1952 = AXIS2_PLACEMENT_3D('',#1953,#1954,#1955);
#1953 = CARTESIAN_POINT('',(0.,0.,0.));
#1954 = DIRECTION('',(-0.5,-0.866025403784,-1.110223024625E-16));
#1955 = DIRECTION('',(5.551115123126E-17,9.614813431918E-17,-1.));
#1956 = DEFINITIONAL_REPRESENTATION('',(#1957),#1974);
#1957 = B_SPLINE_CURVE_WITH_KNOTS('',8,(#1958,#1959,#1960,#1961,#1962,
    #1963,#1964,#1965,#1966,#1967,#1968,#1969,#1970,#1971,#1972,#1973),
  .UNSPECIFIED.,.F.,.F.,(9,7,9),(1.570796326266,3.141592653325,
    4.712388980385),.UNSPECIFIED.);
#1958 = CARTESIAN_POINT('',(-3.141592654119,1.832036761651E-08));
#1959 = CARTESIAN_POINT('',(-2.945243113236,-6.801747598703));
#1960 = CARTESIAN_POINT('',(-2.748893572349,-13.60349683144));
#1961 = CARTESIAN_POINT('',(-2.552544031481,-20.00564619658));
#1962 = CARTESIAN_POINT('',(-2.356194490565,-25.60867430883));
#1963 = CARTESIAN_POINT('',(-2.159844949717,-30.06209895292));
#1964 = CARTESIAN_POINT('',(-1.963495408819,-33.11470609463));
#1965 = CARTESIAN_POINT('',(-1.767145867942,-34.64101614957));
#1966 = CARTESIAN_POINT('',(-1.374446786177,-34.64101615317));
#1967 = CARTESIAN_POINT('',(-1.178097245294,-33.11470610184));
#1968 = CARTESIAN_POINT('',(-0.981747704413,-30.0620989635));
#1969 = CARTESIAN_POINT('',(-0.785398163525,-25.60867432253));
#1970 = CARTESIAN_POINT('',(-0.589048622648,-20.00564621256));
#1971 = CARTESIAN_POINT('',(-0.392699081765,-13.60349684896));
#1972 = CARTESIAN_POINT('',(-0.196349540882,-6.801747617023));
#1973 = CARTESIAN_POINT('',(-1.195982636593E-16,-6.363451432349E-15));
#1974 = ( GEOMETRIC_REPRESENTATION_CONTEXT(2) 
PARAMETRIC_REPRESENTATION_CONTEXT() REPRESENTATION_CONTEXT('2D SPACE',''
  ) );
#1975 = ADVANCED_FACE('',(#1976),#599,.T.);
#1976 = FACE_BOUND('',#1977,.T.);
#1977 = EDGE_LOOP('',(#1978,#2002,#2003,#2004,#2028,#2029));
#1978 = ORIENTED_EDGE('',*,*,#1979,.T.);
#1979 = EDGE_CURVE('',#430,#1980,#1982,.T.);
#1980 = VERTEX_POINT('',#1981);
#1981 = CARTESIAN_POINT('',(-200.,-3.899375434921E-31,26.));
#1982 = SEAM_CURVE('',#1983,(#1988,#1995),.PCURVE_S1.);
#1983 = CIRCLE('',#1984,26.);
#1984 = AXIS2_PLACEMENT_3D('',#1985,#1986,#1987);
#1985 = CARTESIAN_POINT('',(-200.,0.,0.));
#1986 = DIRECTION('',(-2.449293598295E-16,-1.,0.));
#1987 = DIRECTION('',(1.,-2.449293598295E-16,0.));
#1988 = PCURVE('',#599,#1989);
#1989 = DEFINITIONAL_REPRESENTATION('',(#1990),#1994);
#1990 = LINE('',#1991,#1992);
#1991 = CARTESIAN_POINT('',(6.28318530718,-6.28318530718));
#1992 = VECTOR('',#1993,1.);
#1993 = DIRECTION('',(0.,1.));
#1994 = ( GEOMETRIC_REPRESENTATION_CONTEXT(2) 
PARAMETRIC_REPRESENTATION_CONTEXT() REPRESENTATION_CONTEXT('2D SPACE',''
  ) );
#1995 = PCURVE('',#599,#1996);
#1996 = DEFINITIONAL_REPRESENTATION('',(#1997),#2001);
#1997 = LINE('',#1998,#1999);
#1998 = CARTESIAN_POINT('',(0.,-6.28318530718));
#1999 = VECTOR('',#2000,1.);
#2000 = DIRECTION('',(0.,1.));
#2001 = ( GEOMETRIC_REPRESENTATION_CONTEXT(2) 
PARAMETRIC_REPRESENTATION_CONTEXT() REPRESENTATION_CONTEXT('2D SPACE',''
  ) );
#2002 = ORIENTED_EDGE('',*,*,#1979,.F.);
#2003 = ORIENTED_EDGE('',*,*,#688,.T.);
#2004 = ORIENTED_EDGE('',*,*,#2005,.F.);
#2005 = EDGE_CURVE('',#2006,#407,#2008,.T.);
#2006 = VERTEX_POINT('',#2007);
#2007 = CARTESIAN_POINT('',(-200.,-3.899375434921E-31,-26.));
#2008 = SEAM_CURVE('',#2009,(#2014,#2021),.PCURVE_S1.);
#2009 = CIRCLE('',#2010,26.);
#2010 = AXIS2_PLACEMENT_3D('',#2011,#2012,#2013);
#2011 = CARTESIAN_POINT('',(-200.,0.,0.));
#2012 = DIRECTION('',(-2.449293598295E-16,-1.,0.));
#2013 = DIRECTION('',(1.,-2.449293598295E-16,0.));
#2014 = PCURVE('',#599,#2015);
#2015 = DEFINITIONAL_REPRESENTATION('',(#2016),#2020);
#2016 = LINE('',#2017,#2018);
#2017 = CARTESIAN_POINT('',(6.28318530718,-6.28318530718));
#2018 = VECTOR('',#2019,1.);
#2019 = DIRECTION('',(0.,1.));
#2020 = ( GEOMETRIC_REPRESENTATION_CONTEXT(2) 
PARAMETRIC_REPRESENTATION_CONTEXT() REPRESENTATION_CONTEXT('2D SPACE',''
  ) );
#2021 = PCURVE('',#599,#2022);
#2022 = DEFINITIONAL_REPRESENTATION('',(#2023),#2027);
#2023 = LINE('',#2024,#2025);
#2024 = CARTESIAN_POINT('',(0.,-6.28318530718));
#2025 = VECTOR('',#2026,1.);
#2026 = DIRECTION('',(0.,1.));
#2027 = ( GEOMETRIC_REPRESENTATION_CONTEXT(2) 
PARAMETRIC_REPRESENTATION_CONTEXT() REPRESENTATION_CONTEXT('2D SPACE',''
  ) );
#2028 = ORIENTED_EDGE('',*,*,#2005,.T.);
#2029 = ORIENTED_EDGE('',*,*,#429,.T.);
#2030 = ADVANCED_FACE('',(#2031,#2035),#1284,.T.);
#2031 = FACE_BOUND('',#2032,.T.);
#2032 = VERTEX_LOOP('',#2033);
#2033 = VERTEX_POINT('',#2034);
#2034 = CARTESIAN_POINT('',(-100.,-173.2050807568,26.));
#2035 = FACE_BOUND('',#2036,.T.);
#2036 = EDGE_LOOP('',(#2037));
#2037 = ORIENTED_EDGE('',*,*,#984,.T.);
#2038 = ADVANCED_FACE('',(#2039),#936,.T.);
#2039 = FACE_BOUND('',#2040,.F.);
#2040 = EDGE_LOOP('',(#2041,#2042,#2095,#2118,#2573));
#2041 = ORIENTED_EDGE('',*,*,#908,.F.);
#2042 = ORIENTED_EDGE('',*,*,#2043,.T.);
#2043 = EDGE_CURVE('',#345,#347,#2044,.T.);
#2044 = SURFACE_CURVE('',#2045,(#2050,#2070),.PCURVE_S1.);
#2045 = ELLIPSE('',#2046,40.,20.);
#2046 = AXIS2_PLACEMENT_3D('',#2047,#2048,#2049);
#2047 = CARTESIAN_POINT('',(0.,0.,0.));
#2048 = DIRECTION('',(0.5,0.866025403784,0.));
#2049 = DIRECTION('',(-0.866025403784,0.5,-1.281975124256E-16));
#2050 = PCURVE('',#936,#2051);
#2051 = DEFINITIONAL_REPRESENTATION('',(#2052),#2069);
#2052 = B_SPLINE_CURVE_WITH_KNOTS('',8,(#2053,#2054,#2055,#2056,#2057,
    #2058,#2059,#2060,#2061,#2062,#2063,#2064,#2065,#2066,#2067,#2068),
  .UNSPECIFIED.,.F.,.F.,(9,7,9),(1.570796309305,3.14159265134,
    4.712388993375),.UNSPECIFIED.);
#2053 = CARTESIAN_POINT('',(-3.14159267108,6.058664327276E-07));
#2054 = CARTESIAN_POINT('',(-2.945243128325,-6.801747076004));
#2055 = CARTESIAN_POINT('',(-2.748893585568,-13.60349639952));
#2056 = CARTESIAN_POINT('',(-2.552544042818,-20.00564586972));
#2057 = CARTESIAN_POINT('',(-2.356194500046,-25.60867408849));
#2058 = CARTESIAN_POINT('',(-2.159844957309,-30.06209882572));
#2059 = CARTESIAN_POINT('',(-1.963495414549,-33.11470603859));
#2060 = CARTESIAN_POINT('',(-1.767145871799,-34.64101613607));
#2061 = CARTESIAN_POINT('',(-1.37444678629,-34.64101616668));
#2062 = CARTESIAN_POINT('',(-1.178097243536,-33.11470609978));
#2063 = CARTESIAN_POINT('',(-0.981747700777,-30.0620989158));
#2064 = CARTESIAN_POINT('',(-0.785398158033,-25.60867420354));
#2065 = CARTESIAN_POINT('',(-0.589048615269,-20.00564600502));
#2066 = CARTESIAN_POINT('',(-0.39269907252,-13.60349654852));
#2067 = CARTESIAN_POINT('',(-0.196349529764,-6.80174723187));
#2068 = CARTESIAN_POINT('',(1.299038032698E-08,4.499999683561E-07));
#2069 = ( GEOMETRIC_REPRESENTATION_CONTEXT(2) 
PARAMETRIC_REPRESENTATION_CONTEXT() REPRESENTATION_CONTEXT('2D SPACE',''
  ) );
#2070 = PCURVE('',#2071,#2076);
#2071 = CYLINDRICAL_SURFACE('',#2072,20.);
#2072 = AXIS2_PLACEMENT_3D('',#2073,#2074,#2075);
#2073 = CARTESIAN_POINT('',(-0.,0.,0.));
#2074 = DIRECTION('',(1.,-1.224646799147E-16,-1.110223024625E-16));
#2075 = DIRECTION('',(-1.110223024625E-16,2.465190328816E-32,-1.));
#2076 = DEFINITIONAL_REPRESENTATION('',(#2077),#2094);
#2077 = B_SPLINE_CURVE_WITH_KNOTS('',8,(#2078,#2079,#2080,#2081,#2082,
    #2083,#2084,#2085,#2086,#2087,#2088,#2089,#2090,#2091,#2092,#2093),
  .UNSPECIFIED.,.F.,.F.,(9,7,9),(1.570796309305,3.14159265134,
    4.712388993375),.UNSPECIFIED.);
#2078 = CARTESIAN_POINT('',(-3.14159267108,-6.058664327276E-07));
#2079 = CARTESIAN_POINT('',(-2.945243128325,6.801747076004));
#2080 = CARTESIAN_POINT('',(-2.748893585565,13.603496399523));
#2081 = CARTESIAN_POINT('',(-2.552544042826,20.005645869765));
#2082 = CARTESIAN_POINT('',(-2.356194500031,25.608674088391));
#2083 = CARTESIAN_POINT('',(-2.15984495732,30.062098825772));
#2084 = CARTESIAN_POINT('',(-1.963495414548,33.114706038588));
#2085 = CARTESIAN_POINT('',(-1.767145871799,34.641016136075));
#2086 = CARTESIAN_POINT('',(-1.37444678629,34.64101616668));
#2087 = CARTESIAN_POINT('',(-1.178097243535,33.114706099728));
#2088 = CARTESIAN_POINT('',(-0.981747700784,30.06209891598));
#2089 = CARTESIAN_POINT('',(-0.785398158019,25.608674203366));
#2090 = CARTESIAN_POINT('',(-0.589048615273,20.005646005171));
#2091 = CARTESIAN_POINT('',(-0.392699072517,13.603496548461));
#2092 = CARTESIAN_POINT('',(-0.196349529764,6.80174723187));
#2093 = CARTESIAN_POINT('',(1.299038032698E-08,-4.499999683561E-07));
#2094 = ( GEOMETRIC_REPRESENTATION_CONTEXT(2) 
PARAMETRIC_REPRESENTATION_CONTEXT() REPRESENTATION_CONTEXT('2D SPACE',''
  ) );
#2095 = ORIENTED_EDGE('',*,*,#2096,.T.);
#2096 = EDGE_CURVE('',#347,#2097,#2099,.T.);
#2097 = VERTEX_POINT('',#2098);
#2098 = CARTESIAN_POINT('',(91.693376137082,-158.8175861869,-20.));
#2099 = SEAM_CURVE('',#2100,(#2104,#2111),.PCURVE_S1.);
#2100 = LINE('',#2101,#2102);
#2101 = CARTESIAN_POINT('',(1.814076218371E-15,-1.516592855504E-15,-20.)
  );
#2102 = VECTOR('',#2103,1.);
#2103 = DIRECTION('',(0.5,-0.866025403784,1.110223024625E-16));
#2104 = PCURVE('',#936,#2105);
#2105 = DEFINITIONAL_REPRESENTATION('',(#2106),#2110);
#2106 = LINE('',#2107,#2108);
#2107 = CARTESIAN_POINT('',(-6.28318530718,0.));
#2108 = VECTOR('',#2109,1.);
#2109 = DIRECTION('',(-0.,-1.));
#2110 = ( GEOMETRIC_REPRESENTATION_CONTEXT(2) 
PARAMETRIC_REPRESENTATION_CONTEXT() REPRESENTATION_CONTEXT('2D SPACE',''
  ) );
#2111 = PCURVE('',#936,#2112);
#2112 = DEFINITIONAL_REPRESENTATION('',(#2113),#2117);
#2113 = LINE('',#2114,#2115);
#2114 = CARTESIAN_POINT('',(-0.,0.));
#2115 = VECTOR('',#2116,1.);
#2116 = DIRECTION('',(-0.,-1.));
#2117 = ( GEOMETRIC_REPRESENTATION_CONTEXT(2) 
PARAMETRIC_REPRESENTATION_CONTEXT() REPRESENTATION_CONTEXT('2D SPACE',''
  ) );
#2118 = ORIENTED_EDGE('',*,*,#2119,.T.);
#2119 = EDGE_CURVE('',#2097,#2097,#2120,.T.);
#2120 = SURFACE_CURVE('',#2121,(#2268,#2418),.PCURVE_S1.);
#2121 = B_SPLINE_CURVE_WITH_KNOTS('',7,(#2122,#2123,#2124,#2125,#2126,
    #2127,#2128,#2129,#2130,#2131,#2132,#2133,#2134,#2135,#2136,#2137,
    #2138,#2139,#2140,#2141,#2142,#2143,#2144,#2145,#2146,#2147,#2148,
    #2149,#2150,#2151,#2152,#2153,#2154,#2155,#2156,#2157,#2158,#2159,
    #2160,#2161,#2162,#2163,#2164,#2165,#2166,#2167,#2168,#2169,#2170,
    #2171,#2172,#2173,#2174,#2175,#2176,#2177,#2178,#2179,#2180,#2181,
    #2182,#2183,#2184,#2185,#2186,#2187,#2188,#2189,#2190,#2191,#2192,
    #2193,#2194,#2195,#2196,#2197,#2198,#2199,#2200,#2201,#2202,#2203,
    #2204,#2205,#2206,#2207,#2208,#2209,#2210,#2211,#2212,#2213,#2214,
    #2215,#2216,#2217,#2218,#2219,#2220,#2221,#2222,#2223,#2224,#2225,
    #2226,#2227,#2228,#2229,#2230,#2231,#2232,#2233,#2234,#2235,#2236,
    #2237,#2238,#2239,#2240,#2241,#2242,#2243,#2244,#2245,#2246,#2247,
    #2248,#2249,#2250,#2251,#2252,#2253,#2254,#2255,#2256,#2257,#2258,
    #2259,#2260,#2261,#2262,#2263,#2264,#2265,#2266,#2267),
  .UNSPECIFIED.,.T.,.F.,(8,6,6,6,6,6,6,6,6,6,6,6,6,6,6,6,6,6,6,6,6,6,6,6
    ,8),(0.,3.369300952184E-02,4.626263176359E-02,6.03384196441E-02,
    7.491457403803E-02,0.162337560054,0.250250748313,0.337159443823,
    0.424582246492,0.435639754369,0.445693186899,0.454239528852,
    0.466809223689,0.499999818705,0.53319041372,0.575417228742,
    0.66284002229,0.750250953042,0.837159640398,0.924582434864,
    0.935639941703,0.94569337329,0.954239714441,0.966809408099,1.),
  .UNSPECIFIED.);
#2122 = CARTESIAN_POINT('',(91.693376137082,-158.8175861869,-20.));
#2123 = CARTESIAN_POINT('',(92.216799014137,-158.5153878479,-20.));
#2124 = CARTESIAN_POINT('',(92.740197362092,-158.2132036708,
    -19.97869110625));
#2125 = CARTESIAN_POINT('',(93.262813858439,-157.911470896,
    -19.93607690724));
#2126 = CARTESIAN_POINT('',(93.78388724557,-157.6106290357,
    -19.8722029636));
#2127 = CARTESIAN_POINT('',(94.302651589739,-157.3111203019,
    -19.78715847279));
#2128 = CARTESIAN_POINT('',(94.81833614622,-157.0133896844,
    -19.68107980843));
#2129 = CARTESIAN_POINT('',(95.521110655016,-156.6076426326,
    -19.50680530644));
#2130 = CARTESIAN_POINT('',(95.711520333513,-156.4977095534,
    -19.45655318791));
#2131 = CARTESIAN_POINT('',(95.901355299179,-156.3881082849,
    -19.40340913944));
#2132 = CARTESIAN_POINT('',(96.090576140548,-156.2788615812,
    -19.34738362166));
#2133 = CARTESIAN_POINT('',(96.279143601655,-156.1699921068,
    -19.28848799493));
#2134 = CARTESIAN_POINT('',(96.467018582032,-156.0615224363,
    -19.22673451941));
#2135 = CARTESIAN_POINT('',(96.86373032645,-155.8324808039,
    -19.08979766079));
#2136 = CARTESIAN_POINT('',(97.072381354153,-155.7120160769,
    -19.01389168741));
#2137 = CARTESIAN_POINT('',(97.280060515683,-155.592112457,
    -18.93443692225));
#2138 = CARTESIAN_POINT('',(97.486713472414,-155.4728013168,
    -18.85145325153));
#2139 = CARTESIAN_POINT('',(97.692286251231,-155.3541138177,
    -18.76496196028));
#2140 = CARTESIAN_POINT('',(97.896725244529,-155.2360809098,
    -18.67498573239));
#2141 = CARTESIAN_POINT('',(98.310454382643,-154.9972142806,
    -18.48479006463));
#2142 = CARTESIAN_POINT('',(98.51965870432,-154.8764301091,
    -18.38432017284));
#2143 = CARTESIAN_POINT('',(98.727531048042,-154.7564149555,
    -18.28016572653));
#2144 = CARTESIAN_POINT('',(98.934012857884,-154.637202627,
    -18.17235503732));
#2145 = CARTESIAN_POINT('',(99.139046149204,-154.5188266011,
    -18.06091797714));
#2146 = CARTESIAN_POINT('',(99.342573508642,-154.4013200253,
    -17.94588597822));
#2147 = CARTESIAN_POINT('',(100.75585533561,-153.5853613821,
    -17.1160045063));
#2148 = CARTESIAN_POINT('',(101.911177777,-152.9183356596,
    -16.27645584758));
#2149 = CARTESIAN_POINT('',(102.99781648943,-152.2909645064,
    -15.3159151557));
#2150 = CARTESIAN_POINT('',(104.00452457385,-151.7097413229,
    -14.24356679942));
#2151 = CARTESIAN_POINT('',(104.92124814752,-151.1804707209,
    -13.07008726951));
#2152 = CARTESIAN_POINT('',(105.73912427871,-150.7082697164,
    -11.80762955085));
#2153 = CARTESIAN_POINT('',(107.1664890336,-149.8841802909,
    -9.12518045696));
#2154 = CARTESIAN_POINT('',(107.77505211577,-149.5328262316,
    -7.703840261367));
#2155 = CARTESIAN_POINT('',(108.26889887545,-149.2477036719,
    -6.220231748534));
#2156 = CARTESIAN_POINT('',(108.64256472445,-149.0319675934,
    -4.689196518958));
#2157 = CARTESIAN_POINT('',(108.89228908067,-148.8877891691,
    -3.126144712726));
#2158 = CARTESIAN_POINT('',(109.01602086553,-148.8163525899,
    -1.54702302152));
#2159 = CARTESIAN_POINT('',(109.01172905271,-148.8188304691,
    1.592133599222));
#2160 = CARTESIAN_POINT('',(108.88656511569,-148.8910939019,
    3.152748157802));
#2161 = CARTESIAN_POINT('',(108.63831804828,-149.0344194131,
    4.697396662538));
#2162 = CARTESIAN_POINT('',(108.26898561216,-149.2476535945,
    6.210676589742));
#2163 = CARTESIAN_POINT('',(107.78220115569,-149.5286987315,
    7.677699264814));
#2164 = CARTESIAN_POINT('',(107.18322855398,-149.8745157243,
    9.084119545535));
#2165 = CARTESIAN_POINT('',(105.77134183108,-150.6896689038,
    11.756360169789));
#2166 = CARTESIAN_POINT('',(104.95692322988,-151.1598737025,
    13.021791636648));
#2167 = CARTESIAN_POINT('',(104.04341433446,-151.6872883091,
    14.198606598322));
#2168 = CARTESIAN_POINT('',(103.03964437446,-152.2668151658,
    15.274619986975));
#2169 = CARTESIAN_POINT('',(101.9556374607,-152.8926668492,
    16.239118718874));
#2170 = CARTESIAN_POINT('',(100.80261481695,-153.558364783,
    17.08287709749));
#2171 = CARTESIAN_POINT('',(99.440280491975,-154.3449088722,
    17.889103466572));
#2172 = CARTESIAN_POINT('',(99.286410717879,-154.4337456277,
    17.977581152444));
#2173 = CARTESIAN_POINT('',(99.131660749196,-154.5230905638,
    18.063997803032));
#2174 = CARTESIAN_POINT('',(98.976055546802,-154.6129292693,
    18.148339442037));
#2175 = CARTESIAN_POINT('',(98.819620268406,-154.7032472194,
    18.230592606544));
#2176 = CARTESIAN_POINT('',(98.662380268552,-154.7940297756,
    18.310744347029));
#2177 = CARTESIAN_POINT('',(98.360690835754,-154.9682102508,
    18.459733889635));
#2178 = CARTESIAN_POINT('',(98.216376469759,-155.0515301889,
    18.528938164921));
#2179 = CARTESIAN_POINT('',(98.071437202625,-155.1352109138,
    18.596385708117));
#2180 = CARTESIAN_POINT('',(97.925892346014,-155.2192412759,
    18.662067534313));
#2181 = CARTESIAN_POINT('',(97.779761321258,-155.3036100624,
    18.725975018781));
#2182 = CARTESIAN_POINT('',(97.633063659359,-155.388305997,
    18.788099896976));
#2183 = CARTESIAN_POINT('',(97.360647503843,-155.5455855377,
    18.899724024044));
#2184 = CARTESIAN_POINT('',(97.235080709413,-155.6180815603,
    18.949719861813));
#2185 = CARTESIAN_POINT('',(97.109130681618,-155.6907988427,
    18.998416922858));
#2186 = CARTESIAN_POINT('',(96.982809529906,-155.7637303937,
    19.045810543128));
#2187 = CARTESIAN_POINT('',(96.856129409246,-155.8368691955,
    19.091896249505));
#2188 = CARTESIAN_POINT('',(96.729102520135,-155.9102082041,
    19.136669759804));
#2189 = CARTESIAN_POINT('',(96.414421892266,-156.0918891493,
    19.244042519288));
#2190 = CARTESIAN_POINT('',(96.226379027569,-156.2004557478,
    19.305110717396));
#2191 = CARTESIAN_POINT('',(96.037651490285,-156.3094176423,
    19.363318560669));
#2192 = CARTESIAN_POINT('',(95.848278408939,-156.4187522418,
    19.418653932576));
#2193 = CARTESIAN_POINT('',(95.658299064796,-156.5284368673,
    19.471105616491));
#2194 = CARTESIAN_POINT('',(95.467752891858,-156.6384487515,
    19.520663295689));
#2195 = CARTESIAN_POINT('',(94.772145324098,-157.040057968,
    19.690509292817));
#2196 = CARTESIAN_POINT('',(94.263933201986,-157.3334743735,
    19.793457727824));
#2197 = CARTESIAN_POINT('',(93.75277446096,-157.6285920102,
    19.875988483477));
#2198 = CARTESIAN_POINT('',(93.239402536132,-157.9249874292,
    19.937972638665));
#2199 = CARTESIAN_POINT('',(92.724552917079,-158.2222359954,
    19.979324296168));
#2200 = CARTESIAN_POINT('',(92.208963616405,-158.5199116169,20.));
#2201 = CARTESIAN_POINT('',(91.177788657758,-159.1152607569,20.));
#2202 = CARTESIAN_POINT('',(90.662199357083,-159.4129363784,
    19.979324296168));
#2203 = CARTESIAN_POINT('',(90.147349738031,-159.7101849446,
    19.937972638665));
#2204 = CARTESIAN_POINT('',(89.633977813204,-160.0065803636,
    19.875988483477));
#2205 = CARTESIAN_POINT('',(89.122819072177,-160.3016980003,
    19.793457727824));
#2206 = CARTESIAN_POINT('',(88.614606950065,-160.5951144058,
    19.690509292817));
#2207 = CARTESIAN_POINT('',(87.468177997532,-161.2570054701,
    19.410586563962));
#2208 = CARTESIAN_POINT('',(86.832226280935,-161.6241723649,
    19.221086738962));
#2209 = CARTESIAN_POINT('',(86.203730378776,-161.9870346432,
    18.999176861643));
#2210 = CARTESIAN_POINT('',(85.584172621443,-162.3447364812,
    18.745330543227));
#2211 = CARTESIAN_POINT('',(84.975006324346,-162.6964388068,
    18.460131825563));
#2212 = CARTESIAN_POINT('',(84.377654652922,-163.0413199551,
    18.144276513236));
#2213 = CARTESIAN_POINT('',(82.584137457208,-164.0768075908,
    17.08287709749));
#2214 = CARTESIAN_POINT('',(81.431114813456,-164.7425055246,
    16.239118718873));
#2215 = CARTESIAN_POINT('',(80.347107899707,-165.368357208,
    15.274619986976));
#2216 = CARTESIAN_POINT('',(79.343337939693,-165.9478840647,
    14.198606598321));
#2217 = CARTESIAN_POINT('',(78.429829044286,-166.4752986713,
    13.021791636647));
#2218 = CARTESIAN_POINT('',(77.615410443081,-166.94550347,
    11.756360169789));
#2219 = CARTESIAN_POINT('',(76.199456112479,-167.7630050839,
    9.076420892112));
#2220 = CARTESIAN_POINT('',(75.597629546597,-168.1104698137,
    7.661437269464));
#2221 = CARTESIAN_POINT('',(75.109335824035,-168.3923863259,
    6.18522875226));
#2222 = CARTESIAN_POINT('',(74.739918525499,-168.6056695026,
    4.662397035655));
#2223 = CARTESIAN_POINT('',(74.493053524205,-168.7481970776,
    3.108096716861));
#2224 = CARTESIAN_POINT('',(74.370743738665,-168.8188126652,
    1.538004475341));
#2225 = CARTESIAN_POINT('',(74.375023221454,-168.8163419047,
    -1.592133599224));
#2226 = CARTESIAN_POINT('',(74.500187158464,-168.7440784719,
    -3.152748157803));
#2227 = CARTESIAN_POINT('',(74.748434225882,-168.6007529607,
    -4.69739666254));
#2228 = CARTESIAN_POINT('',(75.117766662002,-168.3875187793,
    -6.210676589744));
#2229 = CARTESIAN_POINT('',(75.604551118469,-168.1064736423,
    -7.677699264815));
#2230 = CARTESIAN_POINT('',(76.203523720185,-167.7606566495,
    -9.084119545538));
#2231 = CARTESIAN_POINT('',(77.615410443084,-166.94550347,
    -11.75636016979));
#2232 = CARTESIAN_POINT('',(78.429829044283,-166.4752986713,
    -13.02179163663));
#2233 = CARTESIAN_POINT('',(79.343337939702,-165.9478840647,
    -14.19860659834));
#2234 = CARTESIAN_POINT('',(80.347107899704,-165.368357208,
    -15.27461998695));
#2235 = CARTESIAN_POINT('',(81.431114813462,-164.7425055246,
    -16.23911871888));
#2236 = CARTESIAN_POINT('',(82.584137457209,-164.0768075908,
    -17.08287709749));
#2237 = CARTESIAN_POINT('',(83.946471782191,-163.2902635016,
    -17.88910346657));
#2238 = CARTESIAN_POINT('',(84.100341556287,-163.2014267461,
    -17.97758115244));
#2239 = CARTESIAN_POINT('',(84.25509152497,-163.11208181,-18.06399780303
    ));
#2240 = CARTESIAN_POINT('',(84.410696727364,-163.0222431045,
    -18.14833944203));
#2241 = CARTESIAN_POINT('',(84.56713200576,-162.9319251544,
    -18.23059260654));
#2242 = CARTESIAN_POINT('',(84.724372005614,-162.8411425982,
    -18.31074434703));
#2243 = CARTESIAN_POINT('',(85.026061438412,-162.6669621229,
    -18.45973388963));
#2244 = CARTESIAN_POINT('',(85.170375804407,-162.5836421849,
    -18.52893816492));
#2245 = CARTESIAN_POINT('',(85.315315071541,-162.49996146,
    -18.59638570811));
#2246 = CARTESIAN_POINT('',(85.460859928152,-162.4159310979,
    -18.66206753431));
#2247 = CARTESIAN_POINT('',(85.606990952908,-162.3315623114,
    -18.72597501878));
#2248 = CARTESIAN_POINT('',(85.753688614807,-162.2468663768,
    -18.78809989697));
#2249 = CARTESIAN_POINT('',(86.026104770323,-162.0895868361,
    -18.89972402404));
#2250 = CARTESIAN_POINT('',(86.151671564753,-162.0170908135,
    -18.94971986181));
#2251 = CARTESIAN_POINT('',(86.277621592548,-161.9443735311,
    -18.99841692285));
#2252 = CARTESIAN_POINT('',(86.40394274426,-161.8714419801,
    -19.04581054312));
#2253 = CARTESIAN_POINT('',(86.530622864919,-161.7983031783,
    -19.0918962495));
#2254 = CARTESIAN_POINT('',(86.657649754031,-161.7249641697,
    -19.1366697598));
#2255 = CARTESIAN_POINT('',(86.9723303819,-161.5432832245,
    -19.24404251928));
#2256 = CARTESIAN_POINT('',(87.160373246597,-161.434716626,
    -19.30511071739));
#2257 = CARTESIAN_POINT('',(87.349100783881,-161.3257547315,
    -19.36331856066));
#2258 = CARTESIAN_POINT('',(87.538473865227,-161.216420132,
    -19.41865393257));
#2259 = CARTESIAN_POINT('',(87.72845320937,-161.1067355065,
    -19.47110561649));
#2260 = CARTESIAN_POINT('',(87.918999382309,-160.9967236223,
    -19.52066329569));
#2261 = CARTESIAN_POINT('',(88.614606950067,-160.5951144058,
    -19.69050929281));
#2262 = CARTESIAN_POINT('',(89.122819072178,-160.3016980003,
    -19.79345772782));
#2263 = CARTESIAN_POINT('',(89.633977813206,-160.0065803636,
    -19.87598848347));
#2264 = CARTESIAN_POINT('',(90.147349738033,-159.7101849446,
    -19.93797263866));
#2265 = CARTESIAN_POINT('',(90.662199357083,-159.4129363784,
    -19.97932429616));
#2266 = CARTESIAN_POINT('',(91.17778865776,-159.1152607569,-20.));
#2267 = CARTESIAN_POINT('',(91.693376137082,-158.8175861869,-20.));
#2268 = PCURVE('',#936,#2269);
#2269 = DEFINITIONAL_REPRESENTATION('',(#2270),#2417);
#2270 = B_SPLINE_CURVE_WITH_KNOTS('',7,(#2271,#2272,#2273,#2274,#2275,
    #2276,#2277,#2278,#2279,#2280,#2281,#2282,#2283,#2284,#2285,#2286,
    #2287,#2288,#2289,#2290,#2291,#2292,#2293,#2294,#2295,#2296,#2297,
    #2298,#2299,#2300,#2301,#2302,#2303,#2304,#2305,#2306,#2307,#2308,
    #2309,#2310,#2311,#2312,#2313,#2314,#2315,#2316,#2317,#2318,#2319,
    #2320,#2321,#2322,#2323,#2324,#2325,#2326,#2327,#2328,#2329,#2330,
    #2331,#2332,#2333,#2334,#2335,#2336,#2337,#2338,#2339,#2340,#2341,
    #2342,#2343,#2344,#2345,#2346,#2347,#2348,#2349,#2350,#2351,#2352,
    #2353,#2354,#2355,#2356,#2357,#2358,#2359,#2360,#2361,#2362,#2363,
    #2364,#2365,#2366,#2367,#2368,#2369,#2370,#2371,#2372,#2373,#2374,
    #2375,#2376,#2377,#2378,#2379,#2380,#2381,#2382,#2383,#2384,#2385,
    #2386,#2387,#2388,#2389,#2390,#2391,#2392,#2393,#2394,#2395,#2396,
    #2397,#2398,#2399,#2400,#2401,#2402,#2403,#2404,#2405,#2406,#2407,
    #2408,#2409,#2410,#2411,#2412,#2413,#2414,#2415,#2416),
  .UNSPECIFIED.,.F.,.F.,(8,6,6,6,6,6,6,6,6,6,6,6,6,6,6,6,6,6,6,6,6,6,6,6
    ,8),(0.,3.369300952184E-02,4.626263176359E-02,6.03384196441E-02,
    7.491457403803E-02,0.162337560054,0.250250748313,0.337159443823,
    0.424582246492,0.435639754369,0.445693186899,0.454239528852,
    0.466809223689,0.499999818705,0.53319041372,0.575417228742,
    0.66284002229,0.750250953042,0.837159640398,0.924582434864,
    0.935639941703,0.94569337329,0.954239714441,0.966809408099,1.),
  .UNSPECIFIED.);
#2271 = CARTESIAN_POINT('',(0.,-183.3867522741));
#2272 = CARTESIAN_POINT('',(-3.021983389678E-02,-183.3867522741));
#2273 = CARTESIAN_POINT('',(-6.043825120883E-02,-183.3867522741));
#2274 = CARTESIAN_POINT('',(-9.065660660486E-02,-183.3867522741));
#2275 = CARTESIAN_POINT('',(-0.120876001615,-183.3867522741));
#2276 = CARTESIAN_POINT('',(-0.151097141926,-183.3867522741));
#2277 = CARTESIAN_POINT('',(-0.181320163848,-183.3867522741));
#2278 = CARTESIAN_POINT('',(-0.222819991628,-183.3867522741));
#2279 = CARTESIAN_POINT('',(-0.234095806135,-183.3867522741));
#2280 = CARTESIAN_POINT('',(-0.245371882515,-183.3867522741));
#2281 = CARTESIAN_POINT('',(-0.256648227849,-183.3867522741));
#2282 = CARTESIAN_POINT('',(-0.267924847239,-183.3867522741));
#2283 = CARTESIAN_POINT('',(-0.279201743813,-183.3867522741));
#2284 = CARTESIAN_POINT('',(-0.303107390677,-183.3867522741));
#2285 = CARTESIAN_POINT('',(-0.315736212933,-183.3867522741));
#2286 = CARTESIAN_POINT('',(-0.328365386791,-183.3867522741));
#2287 = CARTESIAN_POINT('',(-0.34099491132,-183.3867522741));
#2288 = CARTESIAN_POINT('',(-0.353624783358,-183.3867522741));
#2289 = CARTESIAN_POINT('',(-0.366254997512,-183.3867522741));
#2290 = CARTESIAN_POINT('',(-0.391965085918,-183.3867522741));
#2291 = CARTESIAN_POINT('',(-0.405044986119,-183.3867522741));
#2292 = CARTESIAN_POINT('',(-0.41812523828,-183.3867522741));
#2293 = CARTESIAN_POINT('',(-0.431205832668,-183.3867522741));
#2294 = CARTESIAN_POINT('',(-0.444286758302,-183.3867522741));
#2295 = CARTESIAN_POINT('',(-0.457368002955,-183.3867522741));
#2296 = CARTESIAN_POINT('',(-0.54890839414,-183.3867522741));
#2297 = CARTESIAN_POINT('',(-0.627392537253,-183.3867522741));
#2298 = CARTESIAN_POINT('',(-0.705873058098,-183.3867522741));
#2299 = CARTESIAN_POINT('',(-0.784354185889,-183.3867522741));
#2300 = CARTESIAN_POINT('',(-0.862843107591,-183.3867522741));
#2301 = CARTESIAN_POINT('',(-0.941345218748,-183.3867522741));
#2302 = CARTESIAN_POINT('',(-1.098762075105,-183.3867522741));
#2303 = CARTESIAN_POINT('',(-1.177706044424,-183.3867522741));
#2304 = CARTESIAN_POINT('',(-1.256639756639,-183.3867522741));
#2305 = CARTESIAN_POINT('',(-1.335566808882,-183.3867522741));
#2306 = CARTESIAN_POINT('',(-1.414500636205,-183.3867522741));
#2307 = CARTESIAN_POINT('',(-1.493445078018,-183.3867522741));
#2308 = CARTESIAN_POINT('',(-1.650403104645,-183.3867522741));
#2309 = CARTESIAN_POINT('',(-1.728444897065,-183.3867522741));
#2310 = CARTESIAN_POINT('',(-1.806476659683,-183.3867522741));
#2311 = CARTESIAN_POINT('',(-1.884502019183,-183.3867522741));
#2312 = CARTESIAN_POINT('',(-1.962533667569,-183.3867522741));
#2313 = CARTESIAN_POINT('',(-2.040574998998,-183.3867522741));
#2314 = CARTESIAN_POINT('',(-2.19708992463,-183.3867522741));
#2315 = CARTESIAN_POINT('',(-2.275591916372,-183.3867522741));
#2316 = CARTESIAN_POINT('',(-2.354080752688,-183.3867522741));
#2317 = CARTESIAN_POINT('',(-2.432561846687,-183.3867522741));
#2318 = CARTESIAN_POINT('',(-2.511042404383,-183.3867522741));
#2319 = CARTESIAN_POINT('',(-2.589526670573,-183.3867522741));
#2320 = CARTESIAN_POINT('',(-2.677909465499,-183.3867522741));
#2321 = CARTESIAN_POINT('',(-2.687833035234,-183.3867522741));
#2322 = CARTESIAN_POINT('',(-2.697756424323,-183.3867522741));
#2323 = CARTESIAN_POINT('',(-2.707679627345,-183.3867522741));
#2324 = CARTESIAN_POINT('',(-2.717602639227,-183.3867522741));
#2325 = CARTESIAN_POINT('',(-2.727525455243,-183.3867522741));
#2326 = CARTESIAN_POINT('',(-2.746469665152,-183.3867522741));
#2327 = CARTESIAN_POINT('',(-2.755491094093,-183.3867522741));
#2328 = CARTESIAN_POINT('',(-2.764512354564,-183.3867522741));
#2329 = CARTESIAN_POINT('',(-2.773533443741,-183.3867522741));
#2330 = CARTESIAN_POINT('',(-2.78255435925,-183.3867522741));
#2331 = CARTESIAN_POINT('',(-2.791575099174,-183.3867522741));
#2332 = CARTESIAN_POINT('',(-2.808263969826,-183.3867522741));
#2333 = CARTESIAN_POINT('',(-2.81593214983,-183.3867522741));
#2334 = CARTESIAN_POINT('',(-2.823600201181,-183.3867522741));
#2335 = CARTESIAN_POINT('',(-2.831268123344,-183.3867522741));
#2336 = CARTESIAN_POINT('',(-2.838935916119,-183.3867522741));
#2337 = CARTESIAN_POINT('',(-2.84660357965,-183.3867522741));
#2338 = CARTESIAN_POINT('',(-2.865548286885,-183.3867522741));
#2339 = CARTESIAN_POINT('',(-2.876825181321,-183.3867522741));
#2340 = CARTESIAN_POINT('',(-2.88810179917,-183.3867522741));
#2341 = CARTESIAN_POINT('',(-2.899378143866,-183.3867522741));
#2342 = CARTESIAN_POINT('',(-2.91065422083,-183.3867522741));
#2343 = CARTESIAN_POINT('',(-2.921930037475,-183.3867522741));
#2344 = CARTESIAN_POINT('',(-2.962979017786,-183.3867522741));
#2345 = CARTESIAN_POINT('',(-2.992750786836,-183.3867522741));
#2346 = CARTESIAN_POINT('',(-3.022520905802,-183.3867522741));
#2347 = CARTESIAN_POINT('',(-3.052289694534,-183.3867522741));
#2348 = CARTESIAN_POINT('',(-3.082057634783,-183.3867522741));
#2349 = CARTESIAN_POINT('',(-3.111825196592,-183.3867522741));
#2350 = CARTESIAN_POINT('',(-3.171360110588,-183.3867522741));
#2351 = CARTESIAN_POINT('',(-3.201127672397,-183.3867522741));
#2352 = CARTESIAN_POINT('',(-3.230895612645,-183.3867522741));
#2353 = CARTESIAN_POINT('',(-3.260664401377,-183.3867522741));
#2354 = CARTESIAN_POINT('',(-3.290434520343,-183.3867522741));
#2355 = CARTESIAN_POINT('',(-3.320206289394,-183.3867522741));
#2356 = CARTESIAN_POINT('',(-3.387859002909,-183.3867522741));
#2357 = CARTESIAN_POINT('',(-3.425741563712,-183.3867522741));
#2358 = CARTESIAN_POINT('',(-3.463627008493,-183.3867522741));
#2359 = CARTESIAN_POINT('',(-3.50151552867,-183.3867522741));
#2360 = CARTESIAN_POINT('',(-3.539407386131,-183.3867522741));
#2361 = CARTESIAN_POINT('',(-3.577302423893,-183.3867522741));
#2362 = CARTESIAN_POINT('',(-3.693658636606,-183.3867522741));
#2363 = CARTESIAN_POINT('',(-3.772142902796,-183.3867522741));
#2364 = CARTESIAN_POINT('',(-3.850623460492,-183.3867522741));
#2365 = CARTESIAN_POINT('',(-3.929104554492,-183.3867522741));
#2366 = CARTESIAN_POINT('',(-4.007593390807,-183.3867522741));
#2367 = CARTESIAN_POINT('',(-4.086095382549,-183.3867522741));
#2368 = CARTESIAN_POINT('',(-4.243061223476,-183.3867522741));
#2369 = CARTESIAN_POINT('',(-4.32155387476,-183.3867522741));
#2370 = CARTESIAN_POINT('',(-4.40003655413,-183.3867522741));
#2371 = CARTESIAN_POINT('',(-4.478512758771,-183.3867522741));
#2372 = CARTESIAN_POINT('',(-4.556995549642,-183.3867522741));
#2373 = CARTESIAN_POINT('',(-4.635488659478,-183.3867522741));
#2374 = CARTESIAN_POINT('',(-4.791995758235,-183.3867522741));
#2375 = CARTESIAN_POINT('',(-4.870037550655,-183.3867522741));
#2376 = CARTESIAN_POINT('',(-4.948069313273,-183.3867522741));
#2377 = CARTESIAN_POINT('',(-5.026094672773,-183.3867522741));
#2378 = CARTESIAN_POINT('',(-5.104126321159,-183.3867522741));
#2379 = CARTESIAN_POINT('',(-5.182167652588,-183.3867522741));
#2380 = CARTESIAN_POINT('',(-5.33868257822,-183.3867522741));
#2381 = CARTESIAN_POINT('',(-5.417184569962,-183.3867522741));
#2382 = CARTESIAN_POINT('',(-5.495673406278,-183.3867522741));
#2383 = CARTESIAN_POINT('',(-5.574154500277,-183.3867522741));
#2384 = CARTESIAN_POINT('',(-5.652635057973,-183.3867522741));
#2385 = CARTESIAN_POINT('',(-5.731119324163,-183.3867522741));
#2386 = CARTESIAN_POINT('',(-5.819502119089,-183.3867522741));
#2387 = CARTESIAN_POINT('',(-5.829425688824,-183.3867522741));
#2388 = CARTESIAN_POINT('',(-5.839349077913,-183.3867522741));
#2389 = CARTESIAN_POINT('',(-5.849272280935,-183.3867522741));
#2390 = CARTESIAN_POINT('',(-5.859195292816,-183.3867522741));
#2391 = CARTESIAN_POINT('',(-5.869118108833,-183.3867522741));
#2392 = CARTESIAN_POINT('',(-5.888062318742,-183.3867522741));
#2393 = CARTESIAN_POINT('',(-5.897083747683,-183.3867522741));
#2394 = CARTESIAN_POINT('',(-5.906105008154,-183.3867522741));
#2395 = CARTESIAN_POINT('',(-5.915126097331,-183.3867522741));
#2396 = CARTESIAN_POINT('',(-5.92414701284,-183.3867522741));
#2397 = CARTESIAN_POINT('',(-5.933167752764,-183.3867522741));
#2398 = CARTESIAN_POINT('',(-5.949856623416,-183.3867522741));
#2399 = CARTESIAN_POINT('',(-5.95752480342,-183.3867522741));
#2400 = CARTESIAN_POINT('',(-5.965192854771,-183.3867522741));
#2401 = CARTESIAN_POINT('',(-5.972860776933,-183.3867522741));
#2402 = CARTESIAN_POINT('',(-5.980528569709,-183.3867522741));
#2403 = CARTESIAN_POINT('',(-5.98819623324,-183.3867522741));
#2404 = CARTESIAN_POINT('',(-6.007140940475,-183.3867522741));
#2405 = CARTESIAN_POINT('',(-6.018417834911,-183.3867522741));
#2406 = CARTESIAN_POINT('',(-6.02969445276,-183.3867522741));
#2407 = CARTESIAN_POINT('',(-6.040970797456,-183.3867522741));
#2408 = CARTESIAN_POINT('',(-6.05224687442,-183.3867522741));
#2409 = CARTESIAN_POINT('',(-6.063522691065,-183.3867522741));
#2410 = CARTESIAN_POINT('',(-6.104571671376,-183.3867522741));
#2411 = CARTESIAN_POINT('',(-6.134343440426,-183.3867522741));
#2412 = CARTESIAN_POINT('',(-6.164113559392,-183.3867522741));
#2413 = CARTESIAN_POINT('',(-6.193882348124,-183.3867522741));
#2414 = CARTESIAN_POINT('',(-6.223650288372,-183.3867522741));
#2415 = CARTESIAN_POINT('',(-6.253417850182,-183.3867522741));
#2416 = CARTESIAN_POINT('',(-6.28318530718,-183.3867522741));
#2417 = ( GEOMETRIC_REPRESENTATION_CONTEXT(2) 
PARAMETRIC_REPRESENTATION_CONTEXT() REPRESENTATION_CONTEXT('2D SPACE',''
  ) );
#2418 = PCURVE('',#2419,#2424);
#2419 = SPHERICAL_SURFACE('',#2420,26.);
#2420 = AXIS2_PLACEMENT_3D('',#2421,#2422,#2423);
#2421 = CARTESIAN_POINT('',(100.,-173.2050807568,0.));
#2422 = DIRECTION('',(0.,0.,1.));
#2423 = DIRECTION('',(1.,0.,0.));
#2424 = DEFINITIONAL_REPRESENTATION('',(#2425),#2572);
#2425 = B_SPLINE_CURVE_WITH_KNOTS('',7,(#2426,#2427,#2428,#2429,#2430,
    #2431,#2432,#2433,#2434,#2435,#2436,#2437,#2438,#2439,#2440,#2441,
    #2442,#2443,#2444,#2445,#2446,#2447,#2448,#2449,#2450,#2451,#2452,
    #2453,#2454,#2455,#2456,#2457,#2458,#2459,#2460,#2461,#2462,#2463,
    #2464,#2465,#2466,#2467,#2468,#2469,#2470,#2471,#2472,#2473,#2474,
    #2475,#2476,#2477,#2478,#2479,#2480,#2481,#2482,#2483,#2484,#2485,
    #2486,#2487,#2488,#2489,#2490,#2491,#2492,#2493,#2494,#2495,#2496,
    #2497,#2498,#2499,#2500,#2501,#2502,#2503,#2504,#2505,#2506,#2507,
    #2508,#2509,#2510,#2511,#2512,#2513,#2514,#2515,#2516,#2517,#2518,
    #2519,#2520,#2521,#2522,#2523,#2524,#2525,#2526,#2527,#2528,#2529,
    #2530,#2531,#2532,#2533,#2534,#2535,#2536,#2537,#2538,#2539,#2540,
    #2541,#2542,#2543,#2544,#2545,#2546,#2547,#2548,#2549,#2550,#2551,
    #2552,#2553,#2554,#2555,#2556,#2557,#2558,#2559,#2560,#2561,#2562,
    #2563,#2564,#2565,#2566,#2567,#2568,#2569,#2570,#2571),
  .UNSPECIFIED.,.T.,.F.,(8,6,6,6,6,6,6,6,6,6,6,6,6,6,6,6,6,6,6,6,6,6,6,6
    ,8),(0.,3.369300952184E-02,4.626263176359E-02,6.03384196441E-02,
    7.491457403803E-02,0.162337560054,0.250250748313,0.337159443823,
    0.424582246492,0.435639754369,0.445693186899,0.454239528852,
    0.466809223689,0.499999818705,0.53319041372,0.575417228742,
    0.66284002229,0.750250953042,0.837159640398,0.924582434864,
    0.935639941703,0.94569337329,0.954239714441,0.966809408099,1.),
  .UNSPECIFIED.);
#2426 = CARTESIAN_POINT('',(2.094395102393,-0.877636419218));
#2427 = CARTESIAN_POINT('',(2.058014697555,-0.877636419218));
#2428 = CARTESIAN_POINT('',(2.021636052446,-0.876353788377));
#2429 = CARTESIAN_POINT('',(1.985468791233,-0.873788670645));
#2430 = CARTESIAN_POINT('',(1.949723811101,-0.869956440252));
#2431 = CARTESIAN_POINT('',(1.91459445916,-0.864887260323));
#2432 = CARTESIAN_POINT('',(1.880245087836,-0.858623756631));
#2433 = CARTESIAN_POINT('',(1.834332464243,-0.848453545923));
#2434 = CARTESIAN_POINT('',(1.821984683337,-0.845531113796));
#2435 = CARTESIAN_POINT('',(1.809770432593,-0.842452173785));
#2436 = CARTESIAN_POINT('',(1.797695847187,-0.839219507476));
#2437 = CARTESIAN_POINT('',(1.785766410928,-0.83583601438));
#2438 = CARTESIAN_POINT('',(1.773986956263,-0.832304711929));
#2439 = CARTESIAN_POINT('',(1.749343361813,-0.824512282034));
#2440 = CARTESIAN_POINT('',(1.736518413175,-0.820214368745));
#2441 = CARTESIAN_POINT('',(1.723892632327,-0.815739402696));
#2442 = CARTESIAN_POINT('',(1.711470913696,-0.81109185163));
#2443 = CARTESIAN_POINT('',(1.699257232169,-0.806276243945));
#2444 = CARTESIAN_POINT('',(1.687254643088,-0.801297168693));
#2445 = CARTESIAN_POINT('',(1.663256832886,-0.790838740507));
#2446 = CARTESIAN_POINT('',(1.651277126557,-0.785347858292));
#2447 = CARTESIAN_POINT('',(1.639528503854,-0.77969178119));
#2448 = CARTESIAN_POINT('',(1.62801252229,-0.773875616025));
#2449 = CARTESIAN_POINT('',(1.616729956303,-0.7679044242));
#2450 = CARTESIAN_POINT('',(1.60568079726,-0.761783221691));
#2451 = CARTESIAN_POINT('',(1.529990176757,-0.71793411407));
#2452 = CARTESIAN_POINT('',(1.473473342201,-0.675126169967));
#2453 = CARTESIAN_POINT('',(1.425200647696,-0.628169411675));
#2454 = CARTESIAN_POINT('',(1.384178659194,-0.578013900185));
#2455 = CARTESIAN_POINT('',(1.349501840104,-0.525330686339));
#2456 = CARTESIAN_POINT('',(1.320409543632,-0.470662388937));
#2457 = CARTESIAN_POINT('',(1.272064256457,-0.357948062004));
#2458 = CARTESIAN_POINT('',(1.252858992596,-0.299864032728));
#2459 = CARTESIAN_POINT('',(1.238084170998,-0.240671172632));
#2460 = CARTESIAN_POINT('',(1.227294612883,-0.180704285273));
#2461 = CARTESIAN_POINT('',(1.22020885951,-0.120230993792));
#2462 = CARTESIAN_POINT('',(1.216698049791,-5.950092991333E-02));
#2463 = CARTESIAN_POINT('',(1.216819841753,6.123595221808E-02));
#2464 = CARTESIAN_POINT('',(1.220371325417,0.12126454543));
#2465 = CARTESIAN_POINT('',(1.227419406166,0.181038231568));
#2466 = CARTESIAN_POINT('',(1.238090435193,0.240315350964));
#2467 = CARTESIAN_POINT('',(1.252656403498,0.298836751617));
#2468 = CARTESIAN_POINT('',(1.271545495862,0.356279343025));
#2469 = CARTESIAN_POINT('',(1.319271751173,0.46845338272));
#2470 = CARTESIAN_POINT('',(1.348175212039,0.523187005834));
#2471 = CARTESIAN_POINT('',(1.382642108986,0.575950453004));
#2472 = CARTESIAN_POINT('',(1.423430080158,0.626204408975));
#2473 = CARTESIAN_POINT('',(1.471441620859,0.673281945284));
#2474 = CARTESIAN_POINT('',(1.527674054019,0.716238699298));
#2475 = CARTESIAN_POINT('',(1.600428324807,0.758777225608));
#2476 = CARTESIAN_POINT('',(1.608731087596,0.763470527747));
#2477 = CARTESIAN_POINT('',(1.617168021483,0.768078688823));
#2478 = CARTESIAN_POINT('',(1.625739243271,0.77259953152));
#2479 = CARTESIAN_POINT('',(1.634444626341,0.777030858793));
#2480 = CARTESIAN_POINT('',(1.643283800646,0.781370453876));
#2481 = CARTESIAN_POINT('',(1.660413771697,0.789476183205));
#2482 = CARTESIAN_POINT('',(1.668681462274,0.793258614488));
#2483 = CARTESIAN_POINT('',(1.677058757852,0.796961692654));
#2484 = CARTESIAN_POINT('',(1.685544976216,0.800583739626));
#2485 = CARTESIAN_POINT('',(1.69413921953,0.804123080724));
#2486 = CARTESIAN_POINT('',(1.702840374334,0.807578044661));
#2487 = CARTESIAN_POINT('',(1.719133647861,0.813810854334));
#2488 = CARTESIAN_POINT('',(1.726696476659,0.816612568218));
#2489 = CARTESIAN_POINT('',(1.734334776663,0.819351081301));
#2490 = CARTESIAN_POINT('',(1.742047595902,0.822025381732));
#2491 = CARTESIAN_POINT('',(1.749833851715,0.824634469713));
#2492 = CARTESIAN_POINT('',(1.757692330747,0.827177357497));
#2493 = CARTESIAN_POINT('',(1.777283943221,0.833294269698));
#2494 = CARTESIAN_POINT('',(1.789099514723,0.836790175019));
#2495 = CARTESIAN_POINT('',(1.801064118536,0.840137662628));
#2496 = CARTESIAN_POINT('',(1.813172818207,0.843333730949));
#2497 = CARTESIAN_POINT('',(1.825420025755,0.846375499554));
#2498 = CARTESIAN_POINT('',(1.837799501666,0.849260209163));
#2499 = CARTESIAN_POINT('',(1.883323734035,0.859180685555));
#2500 = CARTESIAN_POINT('',(1.917217381296,0.865262787535));
#2501 = CARTESIAN_POINT('',(1.951858522377,0.87018357088));
#2502 = CARTESIAN_POINT('',(1.987089047308,0.873902782928));
#2503 = CARTESIAN_POINT('',(2.022723407691,0.876391899904));
#2504 = CARTESIAN_POINT('',(2.058559295344,0.877636419218));
#2505 = CARTESIAN_POINT('',(2.130230909442,0.877636419218));
#2506 = CARTESIAN_POINT('',(2.166066797096,0.876391899904));
#2507 = CARTESIAN_POINT('',(2.201701157478,0.873902782928));
#2508 = CARTESIAN_POINT('',(2.23693168241,0.87018357088));
#2509 = CARTESIAN_POINT('',(2.27157282349,0.865262787535));
#2510 = CARTESIAN_POINT('',(2.305466470751,0.859180685555));
#2511 = CARTESIAN_POINT('',(2.380494835088,0.842830775223));
#2512 = CARTESIAN_POINT('',(2.421089529322,0.831874115505));
#2513 = CARTESIAN_POINT('',(2.460006832736,0.819213978092));
#2514 = CARTESIAN_POINT('',(2.497069927165,0.804970313994));
#2515 = CARTESIAN_POINT('',(2.532186864261,0.789270600395));
#2516 = CARTESIAN_POINT('',(2.565334936622,0.77224079586));
#2517 = CARTESIAN_POINT('',(2.661116150767,0.716238699298));
#2518 = CARTESIAN_POINT('',(2.717348583927,0.673281945284));
#2519 = CARTESIAN_POINT('',(2.765360124629,0.626204408975));
#2520 = CARTESIAN_POINT('',(2.8061480958,0.575950453004));
#2521 = CARTESIAN_POINT('',(2.840614992747,0.523187005834));
#2522 = CARTESIAN_POINT('',(2.869518453614,0.46845338272));
#2523 = CARTESIAN_POINT('',(2.917382206983,0.355956172631));
#2524 = CARTESIAN_POINT('',(2.936352016701,0.298172612253));
#2525 = CARTESIAN_POINT('',(2.950951963975,0.239300331874));
#2526 = CARTESIAN_POINT('',(2.961616743883,0.179667463781));
#2527 = CARTESIAN_POINT('',(2.968621327586,0.119536906702));
#2528 = CARTESIAN_POINT('',(2.972091805097,5.915406249684E-02));
#2529 = CARTESIAN_POINT('',(2.971970363033,-6.123595221816E-02));
#2530 = CARTESIAN_POINT('',(2.968418879369,-0.12126454543));
#2531 = CARTESIAN_POINT('',(2.96137079862,-0.181038231568));
#2532 = CARTESIAN_POINT('',(2.950699769594,-0.240315350964));
#2533 = CARTESIAN_POINT('',(2.936133801289,-0.298836751617));
#2534 = CARTESIAN_POINT('',(2.917244708924,-0.356279343025));
#2535 = CARTESIAN_POINT('',(2.869518453613,-0.46845338272));
#2536 = CARTESIAN_POINT('',(2.840614992747,-0.523187005834));
#2537 = CARTESIAN_POINT('',(2.806148095801,-0.575950453004));
#2538 = CARTESIAN_POINT('',(2.765360124629,-0.626204408975));
#2539 = CARTESIAN_POINT('',(2.717348583927,-0.673281945284));
#2540 = CARTESIAN_POINT('',(2.661116150767,-0.716238699298));
#2541 = CARTESIAN_POINT('',(2.58836187998,-0.758777225608));
#2542 = CARTESIAN_POINT('',(2.58005911719,-0.763470527747));
#2543 = CARTESIAN_POINT('',(2.571622183304,-0.768078688823));
#2544 = CARTESIAN_POINT('',(2.563050961515,-0.77259953152));
#2545 = CARTESIAN_POINT('',(2.554345578445,-0.777030858793));
#2546 = CARTESIAN_POINT('',(2.54550640414,-0.781370453876));
#2547 = CARTESIAN_POINT('',(2.528376433089,-0.789476183206));
#2548 = CARTESIAN_POINT('',(2.520108742513,-0.793258614489));
#2549 = CARTESIAN_POINT('',(2.511731446934,-0.796961692654));
#2550 = CARTESIAN_POINT('',(2.50324522857,-0.800583739626));
#2551 = CARTESIAN_POINT('',(2.494650985256,-0.804123080724));
#2552 = CARTESIAN_POINT('',(2.485949830452,-0.807578044661));
#2553 = CARTESIAN_POINT('',(2.469656556926,-0.813810854334));
#2554 = CARTESIAN_POINT('',(2.462093728127,-0.816612568218));
#2555 = CARTESIAN_POINT('',(2.454455428123,-0.819351081301));
#2556 = CARTESIAN_POINT('',(2.446742608884,-0.822025381732));
#2557 = CARTESIAN_POINT('',(2.438956353072,-0.824634469713));
#2558 = CARTESIAN_POINT('',(2.431097874039,-0.827177357498));
#2559 = CARTESIAN_POINT('',(2.411506261565,-0.833294269698));
#2560 = CARTESIAN_POINT('',(2.399690690064,-0.836790175019));
#2561 = CARTESIAN_POINT('',(2.387726086251,-0.840137662628));
#2562 = CARTESIAN_POINT('',(2.375617386579,-0.843333730949));
#2563 = CARTESIAN_POINT('',(2.363370179032,-0.846375499554));
#2564 = CARTESIAN_POINT('',(2.35099070312,-0.849260209163));
#2565 = CARTESIAN_POINT('',(2.305466470751,-0.859180685555));
#2566 = CARTESIAN_POINT('',(2.27157282349,-0.865262787535));
#2567 = CARTESIAN_POINT('',(2.23693168241,-0.87018357088));
#2568 = CARTESIAN_POINT('',(2.201701157478,-0.873902782928));
#2569 = CARTESIAN_POINT('',(2.166066797096,-0.876391899904));
#2570 = CARTESIAN_POINT('',(2.130230909442,-0.877636419218));
#2571 = CARTESIAN_POINT('',(2.094395102393,-0.877636419218));
#2572 = ( GEOMETRIC_REPRESENTATION_CONTEXT(2) 
PARAMETRIC_REPRESENTATION_CONTEXT() REPRESENTATION_CONTEXT('2D SPACE',''
  ) );
#2573 = ORIENTED_EDGE('',*,*,#2096,.F.);
#2574 = ADVANCED_FACE('',(#2575),#1951,.T.);
#2575 = FACE_BOUND('',#2576,.F.);
#2576 = EDGE_LOOP('',(#2577,#2600,#2636,#2670,#2671,#2672));
#2577 = ORIENTED_EDGE('',*,*,#2578,.F.);
#2578 = EDGE_CURVE('',#347,#2579,#2581,.T.);
#2579 = VERTEX_POINT('',#2580);
#2580 = CARTESIAN_POINT('',(91.693376137082,158.81758618694,-20.));
#2581 = SEAM_CURVE('',#2582,(#2586,#2593),.PCURVE_S1.);
#2582 = LINE('',#2583,#2584);
#2583 = CARTESIAN_POINT('',(1.110223024625E-15,1.922962686384E-15,-20.)
  );
#2584 = VECTOR('',#2585,1.);
#2585 = DIRECTION('',(0.5,0.866025403784,1.110223024625E-16));
#2586 = PCURVE('',#1951,#2587);
#2587 = DEFINITIONAL_REPRESENTATION('',(#2588),#2592);
#2588 = LINE('',#2589,#2590);
#2589 = CARTESIAN_POINT('',(-6.28318530718,0.));
#2590 = VECTOR('',#2591,1.);
#2591 = DIRECTION('',(-0.,-1.));
#2592 = ( GEOMETRIC_REPRESENTATION_CONTEXT(2) 
PARAMETRIC_REPRESENTATION_CONTEXT() REPRESENTATION_CONTEXT('2D SPACE',''
  ) );
#2593 = PCURVE('',#1951,#2594);
#2594 = DEFINITIONAL_REPRESENTATION('',(#2595),#2599);
#2595 = LINE('',#2596,#2597);
#2596 = CARTESIAN_POINT('',(-0.,0.));
#2597 = VECTOR('',#2598,1.);
#2598 = DIRECTION('',(-0.,-1.));
#2599 = ( GEOMETRIC_REPRESENTATION_CONTEXT(2) 
PARAMETRIC_REPRESENTATION_CONTEXT() REPRESENTATION_CONTEXT('2D SPACE',''
  ) );
#2600 = ORIENTED_EDGE('',*,*,#2601,.T.);
#2601 = EDGE_CURVE('',#347,#2602,#2604,.T.);
#2602 = VERTEX_POINT('',#2603);
#2603 = CARTESIAN_POINT('',(34.641016151378,20.,-2.449293598295E-15));
#2604 = SURFACE_CURVE('',#2605,(#2610,#2623),.PCURVE_S1.);
#2605 = ELLIPSE('',#2606,40.,20.);
#2606 = AXIS2_PLACEMENT_3D('',#2607,#2608,#2609);
#2607 = CARTESIAN_POINT('',(0.,0.,0.));
#2608 = DIRECTION('',(0.5,-0.866025403784,-2.22044604925E-16));
#2609 = DIRECTION('',(0.866025403784,0.5,-1.232595164408E-32));
#2610 = PCURVE('',#1951,#2611);
#2611 = DEFINITIONAL_REPRESENTATION('',(#2612),#2622);
#2612 = B_SPLINE_CURVE_WITH_KNOTS('',8,(#2613,#2614,#2615,#2616,#2617,
    #2618,#2619,#2620,#2621),.UNSPECIFIED.,.F.,.F.,(9,9),(4.712388962895
    ,6.28318530718),.PIECEWISE_BEZIER_KNOTS.);
#2613 = CARTESIAN_POINT('',(-6.283185324669,6.058664446618E-07));
#2614 = CARTESIAN_POINT('',(-6.086835781634,-6.801747085745));
#2615 = CARTESIAN_POINT('',(-5.890486238598,-13.60349641901));
#2616 = CARTESIAN_POINT('',(-5.694136695563,-20.00564589715));
#2617 = CARTESIAN_POINT('',(-5.49778715253,-25.60867412055));
#2618 = CARTESIAN_POINT('',(-5.301437609491,-30.06209885761));
#2619 = CARTESIAN_POINT('',(-5.105088066456,-33.11470606481));
#2620 = CARTESIAN_POINT('',(-4.90873852342,-34.64101615137));
#2621 = CARTESIAN_POINT('',(-4.712388980385,-34.64101615137));
#2622 = ( GEOMETRIC_REPRESENTATION_CONTEXT(2) 
PARAMETRIC_REPRESENTATION_CONTEXT() REPRESENTATION_CONTEXT('2D SPACE',''
  ) );
#2623 = PCURVE('',#2071,#2624);
#2624 = DEFINITIONAL_REPRESENTATION('',(#2625),#2635);
#2625 = B_SPLINE_CURVE_WITH_KNOTS('',8,(#2626,#2627,#2628,#2629,#2630,
    #2631,#2632,#2633,#2634),.UNSPECIFIED.,.F.,.F.,(9,9),(4.712388962895
    ,6.28318530718),.PIECEWISE_BEZIER_KNOTS.);
#2626 = CARTESIAN_POINT('',(-6.283185324669,-6.058664446618E-07));
#2627 = CARTESIAN_POINT('',(-6.086835781634,6.801747085745));
#2628 = CARTESIAN_POINT('',(-5.890486238599,13.603496418968));
#2629 = CARTESIAN_POINT('',(-5.694136695561,20.005645897327));
#2630 = CARTESIAN_POINT('',(-5.497787152533,25.608674120347));
#2631 = CARTESIAN_POINT('',(-5.301437609489,30.062098857801));
#2632 = CARTESIAN_POINT('',(-5.105088066457,33.114706064771));
#2633 = CARTESIAN_POINT('',(-4.90873852342,34.641016151378));
#2634 = CARTESIAN_POINT('',(-4.712388980385,34.641016151378));
#2635 = ( GEOMETRIC_REPRESENTATION_CONTEXT(2) 
PARAMETRIC_REPRESENTATION_CONTEXT() REPRESENTATION_CONTEXT('2D SPACE',''
  ) );
#2636 = ORIENTED_EDGE('',*,*,#2637,.T.);
#2637 = EDGE_CURVE('',#2602,#345,#2638,.T.);
#2638 = SURFACE_CURVE('',#2639,(#2644,#2657),.PCURVE_S1.);
#2639 = ELLIPSE('',#2640,40.,20.);
#2640 = AXIS2_PLACEMENT_3D('',#2641,#2642,#2643);
#2641 = CARTESIAN_POINT('',(0.,0.,0.));
#2642 = DIRECTION('',(0.5,-0.866025403784,-2.22044604925E-16));
#2643 = DIRECTION('',(0.866025403784,0.5,-1.232595164408E-32));
#2644 = PCURVE('',#1951,#2645);
#2645 = DEFINITIONAL_REPRESENTATION('',(#2646),#2656);
#2646 = B_SPLINE_CURVE_WITH_KNOTS('',8,(#2647,#2648,#2649,#2650,#2651,
    #2652,#2653,#2654,#2655),.UNSPECIFIED.,.F.,.F.,(9,9),(0.,
    1.570796327071),.PIECEWISE_BEZIER_KNOTS.);
#2647 = CARTESIAN_POINT('',(-4.712388980385,-34.64101615137));
#2648 = CARTESIAN_POINT('',(-4.516039439501,-34.64101615137));
#2649 = CARTESIAN_POINT('',(-4.319689898618,-33.11470609826));
#2650 = CARTESIAN_POINT('',(-4.123340357712,-30.062098958));
#2651 = CARTESIAN_POINT('',(-3.926990816854,-25.60867431563));
#2652 = CARTESIAN_POINT('',(-3.730641275944,-20.00564620425));
#2653 = CARTESIAN_POINT('',(-3.534291735081,-13.60349683994));
#2654 = CARTESIAN_POINT('',(-3.337942194197,-6.8017476075));
#2655 = CARTESIAN_POINT('',(-3.141592653313,9.575359808293E-09));
#2656 = ( GEOMETRIC_REPRESENTATION_CONTEXT(2) 
PARAMETRIC_REPRESENTATION_CONTEXT() REPRESENTATION_CONTEXT('2D SPACE',''
  ) );
#2657 = PCURVE('',#2071,#2658);
#2658 = DEFINITIONAL_REPRESENTATION('',(#2659),#2669);
#2659 = B_SPLINE_CURVE_WITH_KNOTS('',8,(#2660,#2661,#2662,#2663,#2664,
    #2665,#2666,#2667,#2668),.UNSPECIFIED.,.F.,.F.,(9,9),(0.,
    1.570796327071),.PIECEWISE_BEZIER_KNOTS.);
#2660 = CARTESIAN_POINT('',(-4.712388980385,34.641016151378));
#2661 = CARTESIAN_POINT('',(-4.516039439501,34.641016151378));
#2662 = CARTESIAN_POINT('',(-4.319689898618,33.11470609828));
#2663 = CARTESIAN_POINT('',(-4.123340357713,30.062098957947));
#2664 = CARTESIAN_POINT('',(-3.92699081685,25.608674315692));
#2665 = CARTESIAN_POINT('',(-3.730641275946,20.005646204227));
#2666 = CARTESIAN_POINT('',(-3.534291735081,13.603496839969));
#2667 = CARTESIAN_POINT('',(-3.337942194197,6.8017476075));
#2668 = CARTESIAN_POINT('',(-3.141592653313,-9.575359808293E-09));
#2669 = ( GEOMETRIC_REPRESENTATION_CONTEXT(2) 
PARAMETRIC_REPRESENTATION_CONTEXT() REPRESENTATION_CONTEXT('2D SPACE',''
  ) );
#2670 = ORIENTED_EDGE('',*,*,#1923,.T.);
#2671 = ORIENTED_EDGE('',*,*,#2578,.T.);
#2672 = ORIENTED_EDGE('',*,*,#2673,.T.);
#2673 = EDGE_CURVE('',#2579,#2579,#2674,.T.);
#2674 = SURFACE_CURVE('',#2675,(#2834,#2996),.PCURVE_S1.);
#2675 = B_SPLINE_CURVE_WITH_KNOTS('',7,(#2676,#2677,#2678,#2679,#2680,
    #2681,#2682,#2683,#2684,#2685,#2686,#2687,#2688,#2689,#2690,#2691,
    #2692,#2693,#2694,#2695,#2696,#2697,#2698,#2699,#2700,#2701,#2702,
    #2703,#2704,#2705,#2706,#2707,#2708,#2709,#2710,#2711,#2712,#2713,
    #2714,#2715,#2716,#2717,#2718,#2719,#2720,#2721,#2722,#2723,#2724,
    #2725,#2726,#2727,#2728,#2729,#2730,#2731,#2732,#2733,#2734,#2735,
    #2736,#2737,#2738,#2739,#2740,#2741,#2742,#2743,#2744,#2745,#2746,
    #2747,#2748,#2749,#2750,#2751,#2752,#2753,#2754,#2755,#2756,#2757,
    #2758,#2759,#2760,#2761,#2762,#2763,#2764,#2765,#2766,#2767,#2768,
    #2769,#2770,#2771,#2772,#2773,#2774,#2775,#2776,#2777,#2778,#2779,
    #2780,#2781,#2782,#2783,#2784,#2785,#2786,#2787,#2788,#2789,#2790,
    #2791,#2792,#2793,#2794,#2795,#2796,#2797,#2798,#2799,#2800,#2801,
    #2802,#2803,#2804,#2805,#2806,#2807,#2808,#2809,#2810,#2811,#2812,
    #2813,#2814,#2815,#2816,#2817,#2818,#2819,#2820,#2821,#2822,#2823,
    #2824,#2825,#2826,#2827,#2828,#2829,#2830,#2831,#2832,#2833),
  .UNSPECIFIED.,.T.,.F.,(8,6,6,6,6,6,6,6,6,6,6,6,6,6,6,6,6,6,6,6,6,6,6,6
    ,6,6,8),(0.,3.369300701817E-02,4.626262832588E-02,6.033841516044E-02
    ,7.491456847123E-02,0.162337547991,0.250250729717,0.337159418769,
    0.424582214942,0.435639721997,0.44569315378,0.454239495098,
    0.466809189001,0.49999978155,0.533190374099,0.545760068002,
    0.560338605455,0.574914759699,0.662337744817,0.750250932173,
    0.837159626791,0.924582428562,0.935639936326,0.945693368752,
    0.954239710617,0.966809405325,1.),.UNSPECIFIED.);
#2676 = CARTESIAN_POINT('',(91.693376137082,158.81758618694,-20.));
#2677 = CARTESIAN_POINT('',(91.169953260027,159.11978452591,-20.));
#2678 = CARTESIAN_POINT('',(90.64655491207,159.421968703,-19.97869110625
    ));
#2679 = CARTESIAN_POINT('',(90.123938415725,159.72370147785,
    -19.93607690724));
#2680 = CARTESIAN_POINT('',(89.602865028595,160.02454333817,
    -19.8722029636));
#2681 = CARTESIAN_POINT('',(89.084100684424,160.32405207193,
    -19.78715847279));
#2682 = CARTESIAN_POINT('',(88.568416127944,160.62178268943,
    -19.68107980843));
#2683 = CARTESIAN_POINT('',(87.865641619148,161.02752974126,
    -19.50680530644));
#2684 = CARTESIAN_POINT('',(87.675231940651,161.1374628204,
    -19.45655318791));
#2685 = CARTESIAN_POINT('',(87.485396974985,161.24706408893,
    -19.40340913944));
#2686 = CARTESIAN_POINT('',(87.296176133615,161.35631079263,
    -19.34738362166));
#2687 = CARTESIAN_POINT('',(87.107608672509,161.46518026706,
    -19.28848799493));
#2688 = CARTESIAN_POINT('',(86.919733692132,161.57364993755,
    -19.22673451941));
#2689 = CARTESIAN_POINT('',(86.523021947714,161.80269156998,
    -19.08979766079));
#2690 = CARTESIAN_POINT('',(86.314370920011,161.92315629699,
    -19.01389168741));
#2691 = CARTESIAN_POINT('',(86.10669175848,162.04305991681,
    -18.93443692225));
#2692 = CARTESIAN_POINT('',(85.900038801749,162.16237105701,
    -18.85145325153));
#2693 = CARTESIAN_POINT('',(85.694466022933,162.28105855619,
    -18.76496196028));
#2694 = CARTESIAN_POINT('',(85.490027029635,162.39909146401,
    -18.67498573239));
#2695 = CARTESIAN_POINT('',(85.076297891521,162.63795809327,
    -18.48479006463));
#2696 = CARTESIAN_POINT('',(84.867093569844,162.7587422647,
    -18.38432017284));
#2697 = CARTESIAN_POINT('',(84.659221226122,162.87875741831,
    -18.28016572653));
#2698 = CARTESIAN_POINT('',(84.45273941628,162.9979697468,
    -18.17235503732));
#2699 = CARTESIAN_POINT('',(84.24770612496,163.11634577274,
    -18.06091797714));
#2700 = CARTESIAN_POINT('',(84.044178765522,163.2338523485,
    -17.94588597822));
#2701 = CARTESIAN_POINT('',(82.630896938546,164.04981099174,
    -17.1160045063));
#2702 = CARTESIAN_POINT('',(81.475574497163,164.71683671428,
    -16.27645584758));
#2703 = CARTESIAN_POINT('',(80.388935784718,165.34420786742,
    -15.3159151557));
#2704 = CARTESIAN_POINT('',(79.382227700314,165.92543105095,
    -14.24356679943));
#2705 = CARTESIAN_POINT('',(78.465504126639,166.45470165298,
    -13.0700872695));
#2706 = CARTESIAN_POINT('',(77.647627995447,166.92690265749,
    -11.80762955086));
#2707 = CARTESIAN_POINT('',(76.220263240564,167.75099208295,
    -9.125180456961));
#2708 = CARTESIAN_POINT('',(75.611700158391,168.10234614226,
    -7.703840261366));
#2709 = CARTESIAN_POINT('',(75.117853398708,168.3874687019,
    -6.220231748534));
#2710 = CARTESIAN_POINT('',(74.744187549712,168.60320478041,
    -4.689196518959));
#2711 = CARTESIAN_POINT('',(74.494463193489,168.7473832047,
    -3.126144712725));
#2712 = CARTESIAN_POINT('',(74.37073140863,168.81881978399,
    -1.54702302152));
#2713 = CARTESIAN_POINT('',(74.375023221454,168.8163419047,
    1.592133599222));
#2714 = CARTESIAN_POINT('',(74.500187158464,168.74407847198,
    3.152748157802));
#2715 = CARTESIAN_POINT('',(74.748434225881,168.60075296078,
    4.697396662538));
#2716 = CARTESIAN_POINT('',(75.117766662001,168.38751877937,
    6.210676589742));
#2717 = CARTESIAN_POINT('',(75.604551118469,168.10647364239,
    7.677699264814));
#2718 = CARTESIAN_POINT('',(76.203523720183,167.76065664955,
    9.084119545535));
#2719 = CARTESIAN_POINT('',(77.615410443081,166.94550347002,
    11.756360169789));
#2720 = CARTESIAN_POINT('',(78.429829044285,166.47529867138,
    13.021791636646));
#2721 = CARTESIAN_POINT('',(79.343337939696,165.94788406471,
    14.198606598328));
#2722 = CARTESIAN_POINT('',(80.347107899705,165.36835720809,
    15.274619986968));
#2723 = CARTESIAN_POINT('',(81.431114813458,164.74250552463,
    16.239118718878));
#2724 = CARTESIAN_POINT('',(82.584137457208,164.07680759088,
    17.08287709749));
#2725 = CARTESIAN_POINT('',(83.946471782189,163.29026350163,
    17.889103466572));
#2726 = CARTESIAN_POINT('',(84.100341556285,163.20142674613,
    17.977581152444));
#2727 = CARTESIAN_POINT('',(84.255091524968,163.11208181006,
    18.063997803032));
#2728 = CARTESIAN_POINT('',(84.410696727362,163.02224310457,
    18.148339442037));
#2729 = CARTESIAN_POINT('',(84.567132005758,162.93192515448,
    18.230592606544));
#2730 = CARTESIAN_POINT('',(84.724372005612,162.84114259823,
    18.310744347029));
#2731 = CARTESIAN_POINT('',(85.02606143841,162.666962123,18.459733889635
    ));
#2732 = CARTESIAN_POINT('',(85.170375804405,162.58364218494,
    18.528938164921));
#2733 = CARTESIAN_POINT('',(85.315315071539,162.49996146004,
    18.596385708117));
#2734 = CARTESIAN_POINT('',(85.46085992815,162.4159310979,
    18.662067534313));
#2735 = CARTESIAN_POINT('',(85.606990952906,162.33156231142,
    18.725975018781));
#2736 = CARTESIAN_POINT('',(85.753688614805,162.24686637683,
    18.788099896976));
#2737 = CARTESIAN_POINT('',(86.026104770321,162.08958683612,
    18.899724024044));
#2738 = CARTESIAN_POINT('',(86.151671564751,162.01709081355,
    18.949719861813));
#2739 = CARTESIAN_POINT('',(86.277621592546,161.9443735311,
    18.998416922858));
#2740 = CARTESIAN_POINT('',(86.403942744258,161.87144198015,
    19.045810543128));
#2741 = CARTESIAN_POINT('',(86.530622864917,161.79830317839,
    19.091896249505));
#2742 = CARTESIAN_POINT('',(86.657649754029,161.72496416977,
    19.136669759804));
#2743 = CARTESIAN_POINT('',(86.972330381898,161.54328322456,
    19.244042519288));
#2744 = CARTESIAN_POINT('',(87.160373246595,161.434716626,
    19.305110717396));
#2745 = CARTESIAN_POINT('',(87.349100783879,161.32575473155,
    19.363318560669));
#2746 = CARTESIAN_POINT('',(87.538473865224,161.21642013206,
    19.418653932576));
#2747 = CARTESIAN_POINT('',(87.728453209368,161.10673550658,
    19.471105616491));
#2748 = CARTESIAN_POINT('',(87.918999382306,160.99672362234,
    19.520663295689));
#2749 = CARTESIAN_POINT('',(88.614606950066,160.59511440584,
    19.690509292817));
#2750 = CARTESIAN_POINT('',(89.122819072177,160.30169800034,
    19.793457727824));
#2751 = CARTESIAN_POINT('',(89.633977813204,160.0065803636,
    19.875988483477));
#2752 = CARTESIAN_POINT('',(90.147349738032,159.71018494461,
    19.937972638665));
#2753 = CARTESIAN_POINT('',(90.662199357083,159.41293637846,
    19.979324296168));
#2754 = CARTESIAN_POINT('',(91.177788657759,159.11526075692,20.));
#2755 = CARTESIAN_POINT('',(92.208963616405,158.51991161697,20.));
#2756 = CARTESIAN_POINT('',(92.724552917081,158.22223599543,
    19.979324296168));
#2757 = CARTESIAN_POINT('',(93.239402536132,157.92498742928,
    19.937972638665));
#2758 = CARTESIAN_POINT('',(93.752774460959,157.62859201029,
    19.875988483476));
#2759 = CARTESIAN_POINT('',(94.263933201988,157.33347437355,
    19.793457727824));
#2760 = CARTESIAN_POINT('',(94.772145324098,157.04005796805,
    19.690509292817));
#2761 = CARTESIAN_POINT('',(95.467752891858,156.63844875155,
    19.520663295689));
#2762 = CARTESIAN_POINT('',(95.658299064796,156.52843686731,
    19.471105616491));
#2763 = CARTESIAN_POINT('',(95.84827840894,156.41875224183,
    19.418653932576));
#2764 = CARTESIAN_POINT('',(96.037651490285,156.30941764234,
    19.363318560668));
#2765 = CARTESIAN_POINT('',(96.226379027569,156.20045574788,
    19.305110717396));
#2766 = CARTESIAN_POINT('',(96.414421892267,156.09188914933,
    19.244042519288));
#2767 = CARTESIAN_POINT('',(96.818997012507,155.85830759475,
    19.105996693674));
#2768 = CARTESIAN_POINT('',(97.035279543988,155.73343681698,
    19.028036226041));
#2769 = CARTESIAN_POINT('',(97.25052787354,155.60916313597,
    18.94626589652));
#2770 = CARTESIAN_POINT('',(97.4646815896,155.48552143036,
    18.860707631988));
#2771 = CARTESIAN_POINT('',(97.677680698541,155.36254633747,
    18.771384969554));
#2772 = CARTESIAN_POINT('',(97.889465624668,155.24027225336,
    18.678323056553));
#2773 = CARTESIAN_POINT('',(98.310454382643,154.99721428062,
    18.484790064634));
#2774 = CARTESIAN_POINT('',(98.51965870432,154.87643010919,
    18.384320172849));
#2775 = CARTESIAN_POINT('',(98.727531048042,154.75641495558,
    18.280165726536));
#2776 = CARTESIAN_POINT('',(98.934012857884,154.63720262709,
    18.172355037327));
#2777 = CARTESIAN_POINT('',(99.139046149204,154.51882660115,
    18.060917977149));
#2778 = CARTESIAN_POINT('',(99.342573508642,154.40132002539,
    17.945885978224));
#2779 = CARTESIAN_POINT('',(100.75585533562,153.58536138214,
    17.116004506306));
#2780 = CARTESIAN_POINT('',(101.91117777699,152.91833565961,
    16.276455847595));
#2781 = CARTESIAN_POINT('',(102.99781648945,152.29096450646,
    15.315915155682));
#2782 = CARTESIAN_POINT('',(104.00452457384,151.70974132295,
    14.243566799456));
#2783 = CARTESIAN_POINT('',(104.92124814753,151.18047072091,
    13.070087269493));
#2784 = CARTESIAN_POINT('',(105.73912427871,150.7082697164,
    11.807629550862));
#2785 = CARTESIAN_POINT('',(107.1664890336,149.88418029094,9.12518045696
    ));
#2786 = CARTESIAN_POINT('',(107.77505211577,149.53282623163,
    7.703840261366));
#2787 = CARTESIAN_POINT('',(108.26889887545,149.24770367199,
    6.220231748531));
#2788 = CARTESIAN_POINT('',(108.64256472445,149.03196759348,
    4.689196518957));
#2789 = CARTESIAN_POINT('',(108.89228908067,148.88778916919,
    3.126144712726));
#2790 = CARTESIAN_POINT('',(109.01602086553,148.8163525899,
    1.547023021517));
#2791 = CARTESIAN_POINT('',(109.0117290527,148.81883046919,
    -1.592133599224));
#2792 = CARTESIAN_POINT('',(108.88656511569,148.89109390191,
    -3.152748157804));
#2793 = CARTESIAN_POINT('',(108.63831804828,149.03441941311,
    -4.69739666254));
#2794 = CARTESIAN_POINT('',(108.26898561216,149.24765359453,
    -6.210676589744));
#2795 = CARTESIAN_POINT('',(107.78220115569,149.5286987315,
    -7.677699264815));
#2796 = CARTESIAN_POINT('',(107.18322855397,149.87451572434,
    -9.084119545538));
#2797 = CARTESIAN_POINT('',(105.77134183108,150.68966890387,
    -11.75636016979));
#2798 = CARTESIAN_POINT('',(104.95692322988,151.15987370251,
    -13.02179163663));
#2799 = CARTESIAN_POINT('',(104.04341433446,151.68728830918,
    -14.19860659834));
#2800 = CARTESIAN_POINT('',(103.03964437445,152.2668151658,
    -15.27461998695));
#2801 = CARTESIAN_POINT('',(101.9556374607,152.89266684926,
    -16.23911871888));
#2802 = CARTESIAN_POINT('',(100.80261481695,153.55836478301,
    -17.08287709749));
#2803 = CARTESIAN_POINT('',(99.440280491972,154.34490887226,
    -17.88910346657));
#2804 = CARTESIAN_POINT('',(99.286410717876,154.43374562776,
    -17.97758115244));
#2805 = CARTESIAN_POINT('',(99.131660749194,154.52309056383,
    -18.06399780303));
#2806 = CARTESIAN_POINT('',(98.976055546799,154.61292926932,
    -18.14833944203));
#2807 = CARTESIAN_POINT('',(98.819620268404,154.70324721942,
    -18.23059260654));
#2808 = CARTESIAN_POINT('',(98.66238026855,154.79402977566,
    -18.31074434703));
#2809 = CARTESIAN_POINT('',(98.360690835752,154.9682102509,
    -18.45973388963));
#2810 = CARTESIAN_POINT('',(98.216376469757,155.05153018895,
    -18.52893816492));
#2811 = CARTESIAN_POINT('',(98.071437202622,155.13521091385,
    -18.59638570811));
#2812 = CARTESIAN_POINT('',(97.925892346011,155.21924127599,
    -18.66206753431));
#2813 = CARTESIAN_POINT('',(97.779761321256,155.30361006247,
    -18.72597501878));
#2814 = CARTESIAN_POINT('',(97.633063659357,155.38830599706,
    -18.78809989697));
#2815 = CARTESIAN_POINT('',(97.360647503841,155.54558553778,
    -18.89972402404));
#2816 = CARTESIAN_POINT('',(97.23508070941,155.61808156034,
    -18.94971986181));
#2817 = CARTESIAN_POINT('',(97.109130681616,155.69079884279,
    -18.99841692285));
#2818 = CARTESIAN_POINT('',(96.982809529904,155.76373039374,
    -19.04581054312));
#2819 = CARTESIAN_POINT('',(96.856129409244,155.8368691955,
    -19.0918962495));
#2820 = CARTESIAN_POINT('',(96.729102520132,155.91020820413,
    -19.1366697598));
#2821 = CARTESIAN_POINT('',(96.414421892264,156.09188914933,
    -19.24404251928));
#2822 = CARTESIAN_POINT('',(96.226379027566,156.20045574789,
    -19.30511071739));
#2823 = CARTESIAN_POINT('',(96.037651490283,156.30941764234,
    -19.36331856066));
#2824 = CARTESIAN_POINT('',(95.848278408937,156.41875224183,
    -19.41865393257));
#2825 = CARTESIAN_POINT('',(95.658299064793,156.52843686731,
    -19.47110561649));
#2826 = CARTESIAN_POINT('',(95.467752891855,156.63844875155,
    -19.52066329569));
#2827 = CARTESIAN_POINT('',(94.772145324095,157.04005796805,
    -19.69050929281));
#2828 = CARTESIAN_POINT('',(94.263933201988,157.33347437355,
    -19.79345772782));
#2829 = CARTESIAN_POINT('',(93.752774460956,157.62859201029,
    -19.87598848347));
#2830 = CARTESIAN_POINT('',(93.239402536129,157.92498742928,
    -19.93797263866));
#2831 = CARTESIAN_POINT('',(92.724552917082,158.22223599543,
    -19.97932429616));
#2832 = CARTESIAN_POINT('',(92.208963616403,158.51991161697,-20.));
#2833 = CARTESIAN_POINT('',(91.693376137082,158.81758618694,-20.));
#2834 = PCURVE('',#1951,#2835);
#2835 = DEFINITIONAL_REPRESENTATION('',(#2836),#2995);
#2836 = B_SPLINE_CURVE_WITH_KNOTS('',7,(#2837,#2838,#2839,#2840,#2841,
    #2842,#2843,#2844,#2845,#2846,#2847,#2848,#2849,#2850,#2851,#2852,
    #2853,#2854,#2855,#2856,#2857,#2858,#2859,#2860,#2861,#2862,#2863,
    #2864,#2865,#2866,#2867,#2868,#2869,#2870,#2871,#2872,#2873,#2874,
    #2875,#2876,#2877,#2878,#2879,#2880,#2881,#2882,#2883,#2884,#2885,
    #2886,#2887,#2888,#2889,#2890,#2891,#2892,#2893,#2894,#2895,#2896,
    #2897,#2898,#2899,#2900,#2901,#2902,#2903,#2904,#2905,#2906,#2907,
    #2908,#2909,#2910,#2911,#2912,#2913,#2914,#2915,#2916,#2917,#2918,
    #2919,#2920,#2921,#2922,#2923,#2924,#2925,#2926,#2927,#2928,#2929,
    #2930,#2931,#2932,#2933,#2934,#2935,#2936,#2937,#2938,#2939,#2940,
    #2941,#2942,#2943,#2944,#2945,#2946,#2947,#2948,#2949,#2950,#2951,
    #2952,#2953,#2954,#2955,#2956,#2957,#2958,#2959,#2960,#2961,#2962,
    #2963,#2964,#2965,#2966,#2967,#2968,#2969,#2970,#2971,#2972,#2973,
    #2974,#2975,#2976,#2977,#2978,#2979,#2980,#2981,#2982,#2983,#2984,
    #2985,#2986,#2987,#2988,#2989,#2990,#2991,#2992,#2993,#2994),
  .UNSPECIFIED.,.F.,.F.,(8,6,6,6,6,6,6,6,6,6,6,6,6,6,6,6,6,6,6,6,6,6,6,6
    ,6,6,8),(0.,3.369300701817E-02,4.626262832588E-02,6.033841516044E-02
    ,7.491456847123E-02,0.162337547991,0.250250729717,0.337159418769,
    0.424582214942,0.435639721997,0.44569315378,0.454239495098,
    0.466809189001,0.49999978155,0.533190374099,0.545760068002,
    0.560338605455,0.574914759699,0.662337744817,0.750250932173,
    0.837159626791,0.924582428562,0.935639936326,0.945693368752,
    0.954239710617,0.966809405325,1.),.UNSPECIFIED.);
#2837 = CARTESIAN_POINT('',(0.,-183.3867522741));
#2838 = CARTESIAN_POINT('',(-3.021983389673E-02,-183.3867522741));
#2839 = CARTESIAN_POINT('',(-6.043825120891E-02,-183.3867522741));
#2840 = CARTESIAN_POINT('',(-9.065660660483E-02,-183.3867522741));
#2841 = CARTESIAN_POINT('',(-0.120876001615,-183.3867522741));
#2842 = CARTESIAN_POINT('',(-0.151097141926,-183.3867522741));
#2843 = CARTESIAN_POINT('',(-0.181320163848,-183.3867522741));
#2844 = CARTESIAN_POINT('',(-0.222819991628,-183.3867522741));
#2845 = CARTESIAN_POINT('',(-0.234095806135,-183.3867522741));
#2846 = CARTESIAN_POINT('',(-0.245371882515,-183.3867522741));
#2847 = CARTESIAN_POINT('',(-0.256648227849,-183.3867522741));
#2848 = CARTESIAN_POINT('',(-0.267924847239,-183.3867522741));
#2849 = CARTESIAN_POINT('',(-0.279201743813,-183.3867522741));
#2850 = CARTESIAN_POINT('',(-0.303107390677,-183.3867522741));
#2851 = CARTESIAN_POINT('',(-0.315736212933,-183.3867522741));
#2852 = CARTESIAN_POINT('',(-0.328365386791,-183.3867522741));
#2853 = CARTESIAN_POINT('',(-0.34099491132,-183.3867522741));
#2854 = CARTESIAN_POINT('',(-0.353624783358,-183.3867522741));
#2855 = CARTESIAN_POINT('',(-0.366254997512,-183.3867522741));
#2856 = CARTESIAN_POINT('',(-0.391965085918,-183.3867522741));
#2857 = CARTESIAN_POINT('',(-0.405044986119,-183.3867522741));
#2858 = CARTESIAN_POINT('',(-0.41812523828,-183.3867522741));
#2859 = CARTESIAN_POINT('',(-0.431205832668,-183.3867522741));
#2860 = CARTESIAN_POINT('',(-0.444286758302,-183.3867522741));
#2861 = CARTESIAN_POINT('',(-0.457368002955,-183.3867522741));
#2862 = CARTESIAN_POINT('',(-0.548908394141,-183.3867522741));
#2863 = CARTESIAN_POINT('',(-0.627392537253,-183.3867522741));
#2864 = CARTESIAN_POINT('',(-0.705873058098,-183.3867522741));
#2865 = CARTESIAN_POINT('',(-0.784354185888,-183.3867522741));
#2866 = CARTESIAN_POINT('',(-0.862843107592,-183.3867522741));
#2867 = CARTESIAN_POINT('',(-0.941345218748,-183.3867522741));
#2868 = CARTESIAN_POINT('',(-1.098762075104,-183.3867522741));
#2869 = CARTESIAN_POINT('',(-1.177706044424,-183.3867522741));
#2870 = CARTESIAN_POINT('',(-1.256639756639,-183.3867522741));
#2871 = CARTESIAN_POINT('',(-1.335566808882,-183.3867522741));
#2872 = CARTESIAN_POINT('',(-1.414500636205,-183.3867522741));
#2873 = CARTESIAN_POINT('',(-1.493445078018,-183.3867522741));
#2874 = CARTESIAN_POINT('',(-1.650403104645,-183.3867522741));
#2875 = CARTESIAN_POINT('',(-1.728444897065,-183.3867522741));
#2876 = CARTESIAN_POINT('',(-1.806476659683,-183.3867522741));
#2877 = CARTESIAN_POINT('',(-1.884502019183,-183.3867522741));
#2878 = CARTESIAN_POINT('',(-1.962533667569,-183.3867522741));
#2879 = CARTESIAN_POINT('',(-2.040574998998,-183.3867522741));
#2880 = CARTESIAN_POINT('',(-2.19708992463,-183.3867522741));
#2881 = CARTESIAN_POINT('',(-2.275591916372,-183.3867522741));
#2882 = CARTESIAN_POINT('',(-2.354080752688,-183.3867522741));
#2883 = CARTESIAN_POINT('',(-2.432561846687,-183.3867522741));
#2884 = CARTESIAN_POINT('',(-2.511042404384,-183.3867522741));
#2885 = CARTESIAN_POINT('',(-2.589526670573,-183.3867522741));
#2886 = CARTESIAN_POINT('',(-2.677909465499,-183.3867522741));
#2887 = CARTESIAN_POINT('',(-2.687833035234,-183.3867522741));
#2888 = CARTESIAN_POINT('',(-2.697756424323,-183.3867522741));
#2889 = CARTESIAN_POINT('',(-2.707679627345,-183.3867522741));
#2890 = CARTESIAN_POINT('',(-2.717602639227,-183.3867522741));
#2891 = CARTESIAN_POINT('',(-2.727525455243,-183.3867522741));
#2892 = CARTESIAN_POINT('',(-2.746469665152,-183.3867522741));
#2893 = CARTESIAN_POINT('',(-2.755491094093,-183.3867522741));
#2894 = CARTESIAN_POINT('',(-2.764512354564,-183.3867522741));
#2895 = CARTESIAN_POINT('',(-2.773533443741,-183.3867522741));
#2896 = CARTESIAN_POINT('',(-2.78255435925,-183.3867522741));
#2897 = CARTESIAN_POINT('',(-2.791575099174,-183.3867522741));
#2898 = CARTESIAN_POINT('',(-2.808263969826,-183.3867522741));
#2899 = CARTESIAN_POINT('',(-2.81593214983,-183.3867522741));
#2900 = CARTESIAN_POINT('',(-2.823600201181,-183.3867522741));
#2901 = CARTESIAN_POINT('',(-2.831268123344,-183.3867522741));
#2902 = CARTESIAN_POINT('',(-2.838935916119,-183.3867522741));
#2903 = CARTESIAN_POINT('',(-2.84660357965,-183.3867522741));
#2904 = CARTESIAN_POINT('',(-2.865548286885,-183.3867522741));
#2905 = CARTESIAN_POINT('',(-2.876825181321,-183.3867522741));
#2906 = CARTESIAN_POINT('',(-2.88810179917,-183.3867522741));
#2907 = CARTESIAN_POINT('',(-2.899378143866,-183.3867522741));
#2908 = CARTESIAN_POINT('',(-2.91065422083,-183.3867522741));
#2909 = CARTESIAN_POINT('',(-2.921930037475,-183.3867522741));
#2910 = CARTESIAN_POINT('',(-2.962979017786,-183.3867522741));
#2911 = CARTESIAN_POINT('',(-2.992750786836,-183.3867522741));
#2912 = CARTESIAN_POINT('',(-3.022520905802,-183.3867522741));
#2913 = CARTESIAN_POINT('',(-3.052289694534,-183.3867522741));
#2914 = CARTESIAN_POINT('',(-3.082057634783,-183.3867522741));
#2915 = CARTESIAN_POINT('',(-3.111825196592,-183.3867522741));
#2916 = CARTESIAN_POINT('',(-3.171360110588,-183.3867522741));
#2917 = CARTESIAN_POINT('',(-3.201127672397,-183.3867522741));
#2918 = CARTESIAN_POINT('',(-3.230895612645,-183.3867522741));
#2919 = CARTESIAN_POINT('',(-3.260664401377,-183.3867522741));
#2920 = CARTESIAN_POINT('',(-3.290434520343,-183.3867522741));
#2921 = CARTESIAN_POINT('',(-3.320206289394,-183.3867522741));
#2922 = CARTESIAN_POINT('',(-3.361255269705,-183.3867522741));
#2923 = CARTESIAN_POINT('',(-3.37253108635,-183.3867522741));
#2924 = CARTESIAN_POINT('',(-3.383807163314,-183.3867522741));
#2925 = CARTESIAN_POINT('',(-3.395083508009,-183.3867522741));
#2926 = CARTESIAN_POINT('',(-3.406360125858,-183.3867522741));
#2927 = CARTESIAN_POINT('',(-3.417637020295,-183.3867522741));
#2928 = CARTESIAN_POINT('',(-3.441993642624,-183.3867522741));
#2929 = CARTESIAN_POINT('',(-3.455073467935,-183.3867522741));
#2930 = CARTESIAN_POINT('',(-3.468153670526,-183.3867522741));
#2931 = CARTESIAN_POINT('',(-3.481234249643,-183.3867522741));
#2932 = CARTESIAN_POINT('',(-3.49431520194,-183.3867522741));
#2933 = CARTESIAN_POINT('',(-3.507396521483,-183.3867522741));
#2934 = CARTESIAN_POINT('',(-3.533557739508,-183.3867522741));
#2935 = CARTESIAN_POINT('',(-3.546637639709,-183.3867522741));
#2936 = CARTESIAN_POINT('',(-3.55971789187,-183.3867522741));
#2937 = CARTESIAN_POINT('',(-3.572798486258,-183.3867522741));
#2938 = CARTESIAN_POINT('',(-3.585879411892,-183.3867522741));
#2939 = CARTESIAN_POINT('',(-3.598960656545,-183.3867522741));
#2940 = CARTESIAN_POINT('',(-3.69050104773,-183.3867522741));
#2941 = CARTESIAN_POINT('',(-3.768985190842,-183.3867522741));
#2942 = CARTESIAN_POINT('',(-3.847465711689,-183.3867522741));
#2943 = CARTESIAN_POINT('',(-3.925946839477,-183.3867522741));
#2944 = CARTESIAN_POINT('',(-4.004435761182,-183.3867522741));
#2945 = CARTESIAN_POINT('',(-4.082937872338,-183.3867522741));
#2946 = CARTESIAN_POINT('',(-4.240354728694,-183.3867522741));
#2947 = CARTESIAN_POINT('',(-4.319298698014,-183.3867522741));
#2948 = CARTESIAN_POINT('',(-4.398232410229,-183.3867522741));
#2949 = CARTESIAN_POINT('',(-4.477159462472,-183.3867522741));
#2950 = CARTESIAN_POINT('',(-4.556093289795,-183.3867522741));
#2951 = CARTESIAN_POINT('',(-4.635037731608,-183.3867522741));
#2952 = CARTESIAN_POINT('',(-4.791995758235,-183.3867522741));
#2953 = CARTESIAN_POINT('',(-4.870037550655,-183.3867522741));
#2954 = CARTESIAN_POINT('',(-4.948069313273,-183.3867522741));
#2955 = CARTESIAN_POINT('',(-5.026094672773,-183.3867522741));
#2956 = CARTESIAN_POINT('',(-5.104126321159,-183.3867522741));
#2957 = CARTESIAN_POINT('',(-5.182167652588,-183.3867522741));
#2958 = CARTESIAN_POINT('',(-5.33868257822,-183.3867522741));
#2959 = CARTESIAN_POINT('',(-5.417184569962,-183.3867522741));
#2960 = CARTESIAN_POINT('',(-5.495673406277,-183.3867522741));
#2961 = CARTESIAN_POINT('',(-5.574154500278,-183.3867522741));
#2962 = CARTESIAN_POINT('',(-5.652635057973,-183.3867522741));
#2963 = CARTESIAN_POINT('',(-5.731119324163,-183.3867522741));
#2964 = CARTESIAN_POINT('',(-5.819502119089,-183.3867522741));
#2965 = CARTESIAN_POINT('',(-5.829425688824,-183.3867522741));
#2966 = CARTESIAN_POINT('',(-5.839349077913,-183.3867522741));
#2967 = CARTESIAN_POINT('',(-5.849272280935,-183.3867522741));
#2968 = CARTESIAN_POINT('',(-5.859195292816,-183.3867522741));
#2969 = CARTESIAN_POINT('',(-5.869118108833,-183.3867522741));
#2970 = CARTESIAN_POINT('',(-5.888062318742,-183.3867522741));
#2971 = CARTESIAN_POINT('',(-5.897083747683,-183.3867522741));
#2972 = CARTESIAN_POINT('',(-5.906105008154,-183.3867522741));
#2973 = CARTESIAN_POINT('',(-5.915126097331,-183.3867522741));
#2974 = CARTESIAN_POINT('',(-5.92414701284,-183.3867522741));
#2975 = CARTESIAN_POINT('',(-5.933167752764,-183.3867522741));
#2976 = CARTESIAN_POINT('',(-5.949856623416,-183.3867522741));
#2977 = CARTESIAN_POINT('',(-5.95752480342,-183.3867522741));
#2978 = CARTESIAN_POINT('',(-5.965192854771,-183.3867522741));
#2979 = CARTESIAN_POINT('',(-5.972860776933,-183.3867522741));
#2980 = CARTESIAN_POINT('',(-5.980528569709,-183.3867522741));
#2981 = CARTESIAN_POINT('',(-5.98819623324,-183.3867522741));
#2982 = CARTESIAN_POINT('',(-6.007140940475,-183.3867522741));
#2983 = CARTESIAN_POINT('',(-6.018417834911,-183.3867522741));
#2984 = CARTESIAN_POINT('',(-6.02969445276,-183.3867522741));
#2985 = CARTESIAN_POINT('',(-6.040970797456,-183.3867522741));
#2986 = CARTESIAN_POINT('',(-6.05224687442,-183.3867522741));
#2987 = CARTESIAN_POINT('',(-6.063522691065,-183.3867522741));
#2988 = CARTESIAN_POINT('',(-6.104571671376,-183.3867522741));
#2989 = CARTESIAN_POINT('',(-6.134343440426,-183.3867522741));
#2990 = CARTESIAN_POINT('',(-6.164113559392,-183.3867522741));
#2991 = CARTESIAN_POINT('',(-6.193882348124,-183.3867522741));
#2992 = CARTESIAN_POINT('',(-6.223650288372,-183.3867522741));
#2993 = CARTESIAN_POINT('',(-6.253417850182,-183.3867522741));
#2994 = CARTESIAN_POINT('',(-6.28318530718,-183.3867522741));
#2995 = ( GEOMETRIC_REPRESENTATION_CONTEXT(2) 
PARAMETRIC_REPRESENTATION_CONTEXT() REPRESENTATION_CONTEXT('2D SPACE',''
  ) );
#2996 = PCURVE('',#2997,#3002);
#2997 = SPHERICAL_SURFACE('',#2998,26.);
#2998 = AXIS2_PLACEMENT_3D('',#2999,#3000,#3001);
#2999 = CARTESIAN_POINT('',(100.,173.20508075688,0.));
#3000 = DIRECTION('',(0.,0.,1.));
#3001 = DIRECTION('',(1.,0.,0.));
#3002 = DEFINITIONAL_REPRESENTATION('',(#3003),#3162);
#3003 = B_SPLINE_CURVE_WITH_KNOTS('',7,(#3004,#3005,#3006,#3007,#3008,
    #3009,#3010,#3011,#3012,#3013,#3014,#3015,#3016,#3017,#3018,#3019,
    #3020,#3021,#3022,#3023,#3024,#3025,#3026,#3027,#3028,#3029,#3030,
    #3031,#3032,#3033,#3034,#3035,#3036,#3037,#3038,#3039,#3040,#3041,
    #3042,#3043,#3044,#3045,#3046,#3047,#3048,#3049,#3050,#3051,#3052,
    #3053,#3054,#3055,#3056,#3057,#3058,#3059,#3060,#3061,#3062,#3063,
    #3064,#3065,#3066,#3067,#3068,#3069,#3070,#3071,#3072,#3073,#3074,
    #3075,#3076,#3077,#3078,#3079,#3080,#3081,#3082,#3083,#3084,#3085,
    #3086,#3087,#3088,#3089,#3090,#3091,#3092,#3093,#3094,#3095,#3096,
    #3097,#3098,#3099,#3100,#3101,#3102,#3103,#3104,#3105,#3106,#3107,
    #3108,#3109,#3110,#3111,#3112,#3113,#3114,#3115,#3116,#3117,#3118,
    #3119,#3120,#3121,#3122,#3123,#3124,#3125,#3126,#3127,#3128,#3129,
    #3130,#3131,#3132,#3133,#3134,#3135,#3136,#3137,#3138,#3139,#3140,
    #3141,#3142,#3143,#3144,#3145,#3146,#3147,#3148,#3149,#3150,#3151,
    #3152,#3153,#3154,#3155,#3156,#3157,#3158,#3159,#3160,#3161),
  .UNSPECIFIED.,.T.,.F.,(8,6,6,6,6,6,6,6,6,6,6,6,6,6,6,6,6,6,6,6,6,6,6,6
    ,6,6,8),(0.,3.369300701817E-02,4.626262832588E-02,6.033841516044E-02
    ,7.491456847123E-02,0.162337547991,0.250250729717,0.337159418769,
    0.424582214942,0.435639721997,0.44569315378,0.454239495098,
    0.466809189001,0.49999978155,0.533190374099,0.545760068002,
    0.560338605455,0.574914759699,0.662337744817,0.750250932173,
    0.837159626791,0.924582428562,0.935639936326,0.945693368752,
    0.954239710617,0.966809405325,1.),.UNSPECIFIED.);
#3004 = CARTESIAN_POINT('',(4.188790204786,-0.877636419218));
#3005 = CARTESIAN_POINT('',(4.152409799949,-0.877636419218));
#3006 = CARTESIAN_POINT('',(4.116031154839,-0.876353788377));
#3007 = CARTESIAN_POINT('',(4.079863893626,-0.873788670645));
#3008 = CARTESIAN_POINT('',(4.044118913495,-0.869956440252));
#3009 = CARTESIAN_POINT('',(4.008989561553,-0.864887260323));
#3010 = CARTESIAN_POINT('',(3.97464019023,-0.858623756631));
#3011 = CARTESIAN_POINT('',(3.928727566636,-0.848453545923));
#3012 = CARTESIAN_POINT('',(3.91637978573,-0.845531113795));
#3013 = CARTESIAN_POINT('',(3.904165534987,-0.842452173785));
#3014 = CARTESIAN_POINT('',(3.89209094958,-0.839219507476));
#3015 = CARTESIAN_POINT('',(3.880161513322,-0.83583601438));
#3016 = CARTESIAN_POINT('',(3.868382058656,-0.832304711929));
#3017 = CARTESIAN_POINT('',(3.843738464206,-0.824512282034));
#3018 = CARTESIAN_POINT('',(3.830913515568,-0.820214368745));
#3019 = CARTESIAN_POINT('',(3.81828773472,-0.815739402696));
#3020 = CARTESIAN_POINT('',(3.805866016089,-0.81109185163));
#3021 = CARTESIAN_POINT('',(3.793652334562,-0.806276243945));
#3022 = CARTESIAN_POINT('',(3.781649745481,-0.801297168693));
#3023 = CARTESIAN_POINT('',(3.757651935279,-0.790838740507));
#3024 = CARTESIAN_POINT('',(3.74567222895,-0.785347858292));
#3025 = CARTESIAN_POINT('',(3.733923606248,-0.77969178119));
#3026 = CARTESIAN_POINT('',(3.722407624683,-0.773875616025));
#3027 = CARTESIAN_POINT('',(3.711125058697,-0.7679044242));
#3028 = CARTESIAN_POINT('',(3.700075899653,-0.76178322169));
#3029 = CARTESIAN_POINT('',(3.62438527915,-0.71793411407));
#3030 = CARTESIAN_POINT('',(3.567868444595,-0.675126169968));
#3031 = CARTESIAN_POINT('',(3.519595750089,-0.628169411675));
#3032 = CARTESIAN_POINT('',(3.478573761587,-0.578013900185));
#3033 = CARTESIAN_POINT('',(3.443896942497,-0.525330686339));
#3034 = CARTESIAN_POINT('',(3.414804646025,-0.470662388937));
#3035 = CARTESIAN_POINT('',(3.366459358851,-0.357948062004));
#3036 = CARTESIAN_POINT('',(3.347254094989,-0.299864032728));
#3037 = CARTESIAN_POINT('',(3.332479273391,-0.240671172632));
#3038 = CARTESIAN_POINT('',(3.321689715276,-0.180704285273));
#3039 = CARTESIAN_POINT('',(3.314603961903,-0.120230993792));
#3040 = CARTESIAN_POINT('',(3.311093152184,-5.950092991333E-02));
#3041 = CARTESIAN_POINT('',(3.311214944146,6.123595221807E-02));
#3042 = CARTESIAN_POINT('',(3.31476642781,0.12126454543));
#3043 = CARTESIAN_POINT('',(3.321814508559,0.181038231568));
#3044 = CARTESIAN_POINT('',(3.332485537586,0.240315350964));
#3045 = CARTESIAN_POINT('',(3.347051505891,0.298836751617));
#3046 = CARTESIAN_POINT('',(3.365940598255,0.356279343025));
#3047 = CARTESIAN_POINT('',(3.413666853566,0.46845338272));
#3048 = CARTESIAN_POINT('',(3.442570314432,0.523187005834));
#3049 = CARTESIAN_POINT('',(3.477037211379,0.575950453004));
#3050 = CARTESIAN_POINT('',(3.517825182551,0.626204408975));
#3051 = CARTESIAN_POINT('',(3.565836723253,0.673281945284));
#3052 = CARTESIAN_POINT('',(3.622069156412,0.716238699298));
#3053 = CARTESIAN_POINT('',(3.6948234272,0.758777225608));
#3054 = CARTESIAN_POINT('',(3.70312618999,0.763470527747));
#3055 = CARTESIAN_POINT('',(3.711563123876,0.768078688823));
#3056 = CARTESIAN_POINT('',(3.720134345664,0.77259953152));
#3057 = CARTESIAN_POINT('',(3.728839728734,0.777030858793));
#3058 = CARTESIAN_POINT('',(3.737678903039,0.781370453876));
#3059 = CARTESIAN_POINT('',(3.75480887409,0.789476183205));
#3060 = CARTESIAN_POINT('',(3.763076564667,0.793258614488));
#3061 = CARTESIAN_POINT('',(3.771453860245,0.796961692654));
#3062 = CARTESIAN_POINT('',(3.77994007861,0.800583739626));
#3063 = CARTESIAN_POINT('',(3.788534321924,0.804123080724));
#3064 = CARTESIAN_POINT('',(3.797235476728,0.807578044661));
#3065 = CARTESIAN_POINT('',(3.813528750254,0.813810854334));
#3066 = CARTESIAN_POINT('',(3.821091579052,0.816612568218));
#3067 = CARTESIAN_POINT('',(3.828729879056,0.819351081301));
#3068 = CARTESIAN_POINT('',(3.836442698296,0.822025381732));
#3069 = CARTESIAN_POINT('',(3.844228954108,0.824634469713));
#3070 = CARTESIAN_POINT('',(3.85208743314,0.827177357497));
#3071 = CARTESIAN_POINT('',(3.871679045614,0.833294269698));
#3072 = CARTESIAN_POINT('',(3.883494617116,0.836790175019));
#3073 = CARTESIAN_POINT('',(3.895459220929,0.840137662628));
#3074 = CARTESIAN_POINT('',(3.9075679206,0.843333730949));
#3075 = CARTESIAN_POINT('',(3.919815128148,0.846375499554));
#3076 = CARTESIAN_POINT('',(3.93219460406,0.849260209163));
#3077 = CARTESIAN_POINT('',(3.977718836428,0.859180685555));
#3078 = CARTESIAN_POINT('',(4.011612483689,0.865262787535));
#3079 = CARTESIAN_POINT('',(4.04625362477,0.87018357088));
#3080 = CARTESIAN_POINT('',(4.081484149702,0.873902782928));
#3081 = CARTESIAN_POINT('',(4.117118510084,0.876391899904));
#3082 = CARTESIAN_POINT('',(4.152954397738,0.877636419218));
#3083 = CARTESIAN_POINT('',(4.224626011835,0.877636419218));
#3084 = CARTESIAN_POINT('',(4.260461899489,0.876391899904));
#3085 = CARTESIAN_POINT('',(4.296096259871,0.873902782928));
#3086 = CARTESIAN_POINT('',(4.331326784803,0.87018357088));
#3087 = CARTESIAN_POINT('',(4.365967925884,0.865262787535));
#3088 = CARTESIAN_POINT('',(4.399861573145,0.859180685555));
#3089 = CARTESIAN_POINT('',(4.445385805513,0.849260209163));
#3090 = CARTESIAN_POINT('',(4.457765281425,0.846375499554));
#3091 = CARTESIAN_POINT('',(4.470012488973,0.843333730949));
#3092 = CARTESIAN_POINT('',(4.482121188644,0.840137662628));
#3093 = CARTESIAN_POINT('',(4.494085792457,0.836790175019));
#3094 = CARTESIAN_POINT('',(4.505901363958,0.833294269698));
#3095 = CARTESIAN_POINT('',(4.531089692284,0.82542994546));
#3096 = CARTESIAN_POINT('',(4.544409491518,0.82101133194));
#3097 = CARTESIAN_POINT('',(4.557516401528,0.816402109544));
#3098 = CARTESIAN_POINT('',(4.570404869729,0.811607231277));
#3099 = CARTESIAN_POINT('',(4.583070405357,0.806631722428));
#3100 = CARTESIAN_POINT('',(4.595509579465,0.801480680576));
#3101 = CARTESIAN_POINT('',(4.619928474293,0.790838740507));
#3102 = CARTESIAN_POINT('',(4.631908180623,0.785347858292));
#3103 = CARTESIAN_POINT('',(4.643656803325,0.77969178119));
#3104 = CARTESIAN_POINT('',(4.655172784889,0.773875616025));
#3105 = CARTESIAN_POINT('',(4.666455350876,0.7679044242));
#3106 = CARTESIAN_POINT('',(4.67750450992,0.76178322169));
#3107 = CARTESIAN_POINT('',(4.753195130423,0.717934114069));
#3108 = CARTESIAN_POINT('',(4.809711964978,0.675126169968));
#3109 = CARTESIAN_POINT('',(4.857984659485,0.628169411674));
#3110 = CARTESIAN_POINT('',(4.899006647985,0.578013900186));
#3111 = CARTESIAN_POINT('',(4.933683467076,0.525330686339));
#3112 = CARTESIAN_POINT('',(4.962775763548,0.470662388937));
#3113 = CARTESIAN_POINT('',(5.011121050722,0.357948062004));
#3114 = CARTESIAN_POINT('',(5.030326314584,0.299864032728));
#3115 = CARTESIAN_POINT('',(5.045101136182,0.240671172632));
#3116 = CARTESIAN_POINT('',(5.055890694297,0.180704285273));
#3117 = CARTESIAN_POINT('',(5.06297644767,0.120230993792));
#3118 = CARTESIAN_POINT('',(5.066487257388,5.950092991324E-02));
#3119 = CARTESIAN_POINT('',(5.066365465426,-6.123595221814E-02));
#3120 = CARTESIAN_POINT('',(5.062813981763,-0.12126454543));
#3121 = CARTESIAN_POINT('',(5.055765901013,-0.181038231568));
#3122 = CARTESIAN_POINT('',(5.045094871987,-0.240315350964));
#3123 = CARTESIAN_POINT('',(5.030528903682,-0.298836751617));
#3124 = CARTESIAN_POINT('',(5.011639811318,-0.356279343025));
#3125 = CARTESIAN_POINT('',(4.963913556007,-0.46845338272));
#3126 = CARTESIAN_POINT('',(4.935010095141,-0.523187005834));
#3127 = CARTESIAN_POINT('',(4.900543198193,-0.575950453004));
#3128 = CARTESIAN_POINT('',(4.859755227022,-0.626204408975));
#3129 = CARTESIAN_POINT('',(4.81174368632,-0.673281945284));
#3130 = CARTESIAN_POINT('',(4.75551125316,-0.716238699298));
#3131 = CARTESIAN_POINT('',(4.682756982373,-0.758777225608));
#3132 = CARTESIAN_POINT('',(4.674454219583,-0.763470527747));
#3133 = CARTESIAN_POINT('',(4.666017285697,-0.768078688823));
#3134 = CARTESIAN_POINT('',(4.657446063908,-0.77259953152));
#3135 = CARTESIAN_POINT('',(4.648740680839,-0.777030858793));
#3136 = CARTESIAN_POINT('',(4.639901506533,-0.781370453876));
#3137 = CARTESIAN_POINT('',(4.622771535482,-0.789476183206));
#3138 = CARTESIAN_POINT('',(4.614503844906,-0.793258614489));
#3139 = CARTESIAN_POINT('',(4.606126549328,-0.796961692654));
#3140 = CARTESIAN_POINT('',(4.597640330963,-0.800583739626));
#3141 = CARTESIAN_POINT('',(4.589046087649,-0.804123080724));
#3142 = CARTESIAN_POINT('',(4.580344932845,-0.807578044661));
#3143 = CARTESIAN_POINT('',(4.564051659319,-0.813810854334));
#3144 = CARTESIAN_POINT('',(4.55648883052,-0.816612568218));
#3145 = CARTESIAN_POINT('',(4.548850530516,-0.819351081301));
#3146 = CARTESIAN_POINT('',(4.541137711277,-0.822025381732));
#3147 = CARTESIAN_POINT('',(4.533351455465,-0.824634469713));
#3148 = CARTESIAN_POINT('',(4.525492976433,-0.827177357498));
#3149 = CARTESIAN_POINT('',(4.505901363958,-0.833294269698));
#3150 = CARTESIAN_POINT('',(4.494085792457,-0.836790175019));
#3151 = CARTESIAN_POINT('',(4.482121188644,-0.840137662628));
#3152 = CARTESIAN_POINT('',(4.470012488973,-0.843333730949));
#3153 = CARTESIAN_POINT('',(4.457765281425,-0.846375499554));
#3154 = CARTESIAN_POINT('',(4.445385805513,-0.849260209163));
#3155 = CARTESIAN_POINT('',(4.399861573144,-0.859180685555));
#3156 = CARTESIAN_POINT('',(4.365967925884,-0.865262787535));
#3157 = CARTESIAN_POINT('',(4.331326784803,-0.87018357088));
#3158 = CARTESIAN_POINT('',(4.296096259871,-0.873902782928));
#3159 = CARTESIAN_POINT('',(4.260461899489,-0.876391899904));
#3160 = CARTESIAN_POINT('',(4.224626011835,-0.877636419218));
#3161 = CARTESIAN_POINT('',(4.188790204786,-0.877636419218));
#3162 = ( GEOMETRIC_REPRESENTATION_CONTEXT(2) 
PARAMETRIC_REPRESENTATION_CONTEXT() REPRESENTATION_CONTEXT('2D SPACE',''
  ) );
#3163 = ADVANCED_FACE('',(#3164,#3168),#1767,.T.);
#3164 = FACE_BOUND('',#3165,.T.);
#3165 = VERTEX_LOOP('',#3166);
#3166 = VERTEX_POINT('',#3167);
#3167 = CARTESIAN_POINT('',(-100.,173.20508075688,26.));
#3168 = FACE_BOUND('',#3169,.T.);
#3169 = EDGE_LOOP('',(#3170));
#3170 = ORIENTED_EDGE('',*,*,#1467,.T.);
#3171 = ADVANCED_FACE('',(#3172,#3176),#2419,.T.);
#3172 = FACE_BOUND('',#3173,.T.);
#3173 = VERTEX_LOOP('',#3174);
#3174 = VERTEX_POINT('',#3175);
#3175 = CARTESIAN_POINT('',(100.,-173.2050807568,26.));
#3176 = FACE_BOUND('',#3177,.T.);
#3177 = EDGE_LOOP('',(#3178));
#3178 = ORIENTED_EDGE('',*,*,#2119,.T.);
#3179 = ADVANCED_FACE('',(#3180),#2071,.T.);
#3180 = FACE_BOUND('',#3181,.F.);
#3181 = EDGE_LOOP('',(#3182,#3205,#3206,#3207,#3208,#3209));
#3182 = ORIENTED_EDGE('',*,*,#3183,.F.);
#3183 = EDGE_CURVE('',#347,#3184,#3186,.T.);
#3184 = VERTEX_POINT('',#3185);
#3185 = CARTESIAN_POINT('',(183.38675227416,-4.491679983572E-14,-20.));
#3186 = SEAM_CURVE('',#3187,(#3191,#3198),.PCURVE_S1.);
#3187 = LINE('',#3188,#3189);
#3188 = CARTESIAN_POINT('',(2.22044604925E-15,-9.860761315263E-31,-20.)
  );
#3189 = VECTOR('',#3190,1.);
#3190 = DIRECTION('',(1.,-2.449293598295E-16,1.110223024625E-16));
#3191 = PCURVE('',#2071,#3192);
#3192 = DEFINITIONAL_REPRESENTATION('',(#3193),#3197);
#3193 = LINE('',#3194,#3195);
#3194 = CARTESIAN_POINT('',(-0.,0.));
#3195 = VECTOR('',#3196,1.);
#3196 = DIRECTION('',(-0.,1.));
#3197 = ( GEOMETRIC_REPRESENTATION_CONTEXT(2) 
PARAMETRIC_REPRESENTATION_CONTEXT() REPRESENTATION_CONTEXT('2D SPACE',''
  ) );
#3198 = PCURVE('',#2071,#3199);
#3199 = DEFINITIONAL_REPRESENTATION('',(#3200),#3204);
#3200 = LINE('',#3201,#3202);
#3201 = CARTESIAN_POINT('',(-6.28318530718,0.));
#3202 = VECTOR('',#3203,1.);
#3203 = DIRECTION('',(-0.,1.));
#3204 = ( GEOMETRIC_REPRESENTATION_CONTEXT(2) 
PARAMETRIC_REPRESENTATION_CONTEXT() REPRESENTATION_CONTEXT('2D SPACE',''
  ) );
#3205 = ORIENTED_EDGE('',*,*,#2043,.F.);
#3206 = ORIENTED_EDGE('',*,*,#2637,.F.);
#3207 = ORIENTED_EDGE('',*,*,#2601,.F.);
#3208 = ORIENTED_EDGE('',*,*,#3183,.T.);
#3209 = ORIENTED_EDGE('',*,*,#3210,.T.);
#3210 = EDGE_CURVE('',#3184,#3184,#3211,.T.);
#3211 = SURFACE_CURVE('',#3212,(#3371,#3533),.PCURVE_S1.);
#3212 = B_SPLINE_CURVE_WITH_KNOTS('',7,(#3213,#3214,#3215,#3216,#3217,
    #3218,#3219,#3220,#3221,#3222,#3223,#3224,#3225,#3226,#3227,#3228,
    #3229,#3230,#3231,#3232,#3233,#3234,#3235,#3236,#3237,#3238,#3239,
    #3240,#3241,#3242,#3243,#3244,#3245,#3246,#3247,#3248,#3249,#3250,
    #3251,#3252,#3253,#3254,#3255,#3256,#3257,#3258,#3259,#3260,#3261,
    #3262,#3263,#3264,#3265,#3266,#3267,#3268,#3269,#3270,#3271,#3272,
    #3273,#3274,#3275,#3276,#3277,#3278,#3279,#3280,#3281,#3282,#3283,
    #3284,#3285,#3286,#3287,#3288,#3289,#3290,#3291,#3292,#3293,#3294,
    #3295,#3296,#3297,#3298,#3299,#3300,#3301,#3302,#3303,#3304,#3305,
    #3306,#3307,#3308,#3309,#3310,#3311,#3312,#3313,#3314,#3315,#3316,
    #3317,#3318,#3319,#3320,#3321,#3322,#3323,#3324,#3325,#3326,#3327,
    #3328,#3329,#3330,#3331,#3332,#3333,#3334,#3335,#3336,#3337,#3338,
    #3339,#3340,#3341,#3342,#3343,#3344,#3345,#3346,#3347,#3348,#3349,
    #3350,#3351,#3352,#3353,#3354,#3355,#3356,#3357,#3358,#3359,#3360,
    #3361,#3362,#3363,#3364,#3365,#3366,#3367,#3368,#3369,#3370),
  .UNSPECIFIED.,.T.,.F.,(8,6,6,6,6,6,6,6,6,6,6,6,6,6,6,6,6,6,6,6,6,6,6,6
    ,6,6,8),(0.,3.36930070181E-02,4.626262832579E-02,6.033841516032E-02,
    7.491456847109E-02,0.162337547991,0.250250729717,0.337159418769,
    0.424582214942,0.435639721998,0.44569315378,0.454239495098,
    0.466809189001,0.49999978155,0.533190374099,0.545760068002,
    0.560338605455,0.5749147597,0.662337744817,0.750250932173,
    0.837159626791,0.924582428562,0.935639936326,0.945693368752,
    0.954239710618,0.966809405325,1.),.UNSPECIFIED.);
#3213 = CARTESIAN_POINT('',(183.38675227416,-4.973799150321E-14,-20.));
#3214 = CARTESIAN_POINT('',(183.38675227416,0.604396677936,-20.));
#3215 = CARTESIAN_POINT('',(183.38675227416,1.208765032106,
    -19.97869110625));
#3216 = CARTESIAN_POINT('',(183.38675227416,1.812230581804,
    -19.93607690724));
#3217 = CARTESIAN_POINT('',(183.38675227416,2.413914302459,
    -19.8722029636));
#3218 = CARTESIAN_POINT('',(183.38675227416,3.012931769963,
    -19.78715847279));
#3219 = CARTESIAN_POINT('',(183.38675227416,3.608393004965,
    -19.68107980843));
#3220 = CARTESIAN_POINT('',(183.38675227416,4.419887108631,
    -19.50680530644));
#3221 = CARTESIAN_POINT('',(183.38675227416,4.639753266905,
    -19.45655318791));
#3222 = CARTESIAN_POINT('',(183.38675227416,4.858955803962,
    -19.40340913944));
#3223 = CARTESIAN_POINT('',(183.38675227416,5.077449211364,
    -19.34738362166));
#3224 = CARTESIAN_POINT('',(183.38675227416,5.295188160224,
    -19.28848799493));
#3225 = CARTESIAN_POINT('',(183.38675227416,5.512127501213,
    -19.22673451941));
#3226 = CARTESIAN_POINT('',(183.38675227416,5.970210766075,
    -19.08979766079));
#3227 = CARTESIAN_POINT('',(183.38675227416,6.211140220097,
    -19.01389168741));
#3228 = CARTESIAN_POINT('',(183.38675227416,6.450947459726,
    -18.93443692225));
#3229 = CARTESIAN_POINT('',(183.38675227416,6.689569740121,
    -18.85145325153));
#3230 = CARTESIAN_POINT('',(183.38675227416,6.926944738496,
    -18.76496196028));
#3231 = CARTESIAN_POINT('',(183.38675227416,7.163010554124,
    -18.67498573239));
#3232 = CARTESIAN_POINT('',(183.38675227416,7.640743812647,
    -18.48479006463));
#3233 = CARTESIAN_POINT('',(183.38675227416,7.882312155519,
    -18.38432017284));
#3234 = CARTESIAN_POINT('',(183.38675227416,8.122342462728,
    -18.28016572653));
#3235 = CARTESIAN_POINT('',(183.38675227416,8.360767119718,
    -18.17235503732));
#3236 = CARTESIAN_POINT('',(183.38675227416,8.597519171591,
    -18.06091797714));
#3237 = CARTESIAN_POINT('',(183.38675227416,8.832532323109,
    -17.94588597822));
#3238 = CARTESIAN_POINT('',(183.38675227416,10.464449609605,
    -17.1160045063));
#3239 = CARTESIAN_POINT('',(183.38675227416,11.798501054649,
    -16.27645584759));
#3240 = CARTESIAN_POINT('',(183.38675227416,13.05324336098,
    -15.31591515568));
#3241 = CARTESIAN_POINT('',(183.38675227416,14.215689727978,
    -14.24356679945));
#3242 = CARTESIAN_POINT('',(183.38675227416,15.274230932081,
    -13.07008726949));
#3243 = CARTESIAN_POINT('',(183.38675227416,16.218632941083,
    -11.80762955086));
#3244 = CARTESIAN_POINT('',(183.38675227416,17.866811792013,
    -9.12518045696));
#3245 = CARTESIAN_POINT('',(183.38675227416,18.569519910634,
    -7.703840261367));
#3246 = CARTESIAN_POINT('',(183.38675227416,19.139765029918,
    -6.220231748534));
#3247 = CARTESIAN_POINT('',(183.38675227416,19.571237186929,
    -4.689196518958));
#3248 = CARTESIAN_POINT('',(183.38675227416,19.859594035504,
    -3.126144712725));
#3249 = CARTESIAN_POINT('',(183.38675227416,20.002467194096,
    -1.54702302152));
#3250 = CARTESIAN_POINT('',(183.38675227416,19.997511435517,
    1.592133599221));
#3251 = CARTESIAN_POINT('',(183.38675227416,19.852984570066,
    3.152748157803));
#3252 = CARTESIAN_POINT('',(183.38675227416,19.566333547669,
    4.697396662537));
#3253 = CARTESIAN_POINT('',(183.38675227416,19.13986518484,
    6.210676589741));
#3254 = CARTESIAN_POINT('',(183.38675227416,18.577774910881,
    7.677699264815));
#3255 = CARTESIAN_POINT('',(183.38675227416,17.886140925208,
    9.084119545535));
#3256 = CARTESIAN_POINT('',(183.38675227416,16.255834566147,
    11.756360169789));
#3257 = CARTESIAN_POINT('',(183.38675227416,15.315424968872,
    13.021791636649));
#3258 = CARTESIAN_POINT('',(183.38675227416,14.260595755524,
    14.19860659832));
#3259 = CARTESIAN_POINT('',(183.38675227416,13.101542042295,
    15.274619986978));
#3260 = CARTESIAN_POINT('',(183.38675227416,11.849838675377,
    16.239118718873));
#3261 = CARTESIAN_POINT('',(183.38675227416,10.518442807875,
    17.08287709749));
#3262 = CARTESIAN_POINT('',(183.38675227416,8.945354629367,
    17.889103466572));
#3263 = CARTESIAN_POINT('',(183.38675227416,8.767681118378,
    17.977581152444));
#3264 = CARTESIAN_POINT('',(183.38675227416,8.588991246226,
    18.063997803032));
#3265 = CARTESIAN_POINT('',(183.38675227416,8.409313835247,
    18.148339442037));
#3266 = CARTESIAN_POINT('',(183.38675227416,8.228677935062,
    18.230592606544));
#3267 = CARTESIAN_POINT('',(183.38675227416,8.047112822576,
    18.310744347029));
#3268 = CARTESIAN_POINT('',(183.38675227416,7.6987518721,18.459733889635
    ));
#3269 = CARTESIAN_POINT('',(183.38675227416,7.53211199599,
    18.528938164921));
#3270 = CARTESIAN_POINT('',(183.38675227416,7.364750546198,
    18.596385708117));
#3271 = CARTESIAN_POINT('',(183.38675227416,7.196689821911,
    18.662067534313));
#3272 = CARTESIAN_POINT('',(183.38675227416,7.027952248951,
    18.725975018781));
#3273 = CARTESIAN_POINT('',(183.38675227416,6.858560379778,
    18.788099896976));
#3274 = CARTESIAN_POINT('',(183.38675227416,6.544001298341,
    18.899724024044));
#3275 = CARTESIAN_POINT('',(183.38675227416,6.399009253209,
    18.949719861813));
#3276 = CARTESIAN_POINT('',(183.38675227416,6.253574688306,
    18.998416922858));
#3277 = CARTESIAN_POINT('',(183.38675227416,6.107711586415,
    19.045810543128));
#3278 = CARTESIAN_POINT('',(183.38675227416,5.961433982888,
    19.091896249505));
#3279 = CARTESIAN_POINT('',(183.38675227416,5.814755965642,
    19.136669759804));
#3280 = CARTESIAN_POINT('',(183.38675227416,5.451394075224,
    19.244042519288));
#3281 = CARTESIAN_POINT('',(183.38675227416,5.23426087812,
    19.305110717396));
#3282 = CARTESIAN_POINT('',(183.38675227416,5.016337089211,
    19.363318560669));
#3283 = CARTESIAN_POINT('',(183.38675227416,4.797667890227,
    19.418653932576));
#3284 = CARTESIAN_POINT('',(183.38675227416,4.578298639263,
    19.471105616491));
#3285 = CARTESIAN_POINT('',(183.38675227416,4.358274870785,
    19.520663295689));
#3286 = CARTESIAN_POINT('',(183.38675227416,3.555056437793,
    19.690509292817));
#3287 = CARTESIAN_POINT('',(183.38675227416,2.96822362678,
    19.793457727825));
#3288 = CARTESIAN_POINT('',(183.38675227416,2.377988353318,
    19.875988483476));
#3289 = CARTESIAN_POINT('',(183.38675227416,1.785197515331,
    19.937972638665));
#3290 = CARTESIAN_POINT('',(183.38675227416,1.190700383029,
    19.979324296169));
#3291 = CARTESIAN_POINT('',(183.38675227416,0.595349139955,20.));
#3292 = CARTESIAN_POINT('',(183.38675227416,-0.595349139956,20.));
#3293 = CARTESIAN_POINT('',(183.38675227416,-1.190700383029,
    19.979324296168));
#3294 = CARTESIAN_POINT('',(183.38675227416,-1.785197515332,
    19.937972638665));
#3295 = CARTESIAN_POINT('',(183.38675227416,-2.377988353319,
    19.875988483476));
#3296 = CARTESIAN_POINT('',(183.38675227416,-2.968223626782,
    19.793457727824));
#3297 = CARTESIAN_POINT('',(183.38675227416,-3.555056437793,
    19.690509292817));
#3298 = CARTESIAN_POINT('',(183.38675227416,-4.358274870786,
    19.520663295689));
#3299 = CARTESIAN_POINT('',(183.38675227416,-4.578298639264,
    19.471105616491));
#3300 = CARTESIAN_POINT('',(183.38675227416,-4.797667890227,
    19.418653932576));
#3301 = CARTESIAN_POINT('',(183.38675227416,-5.016337089212,
    19.363318560668));
#3302 = CARTESIAN_POINT('',(183.38675227416,-5.234260878121,
    19.305110717396));
#3303 = CARTESIAN_POINT('',(183.38675227416,-5.451394075225,
    19.244042519288));
#3304 = CARTESIAN_POINT('',(183.38675227416,-5.918557184382,
    19.105996693674));
#3305 = CARTESIAN_POINT('',(183.38675227416,-6.168298739925,
    19.028036226041));
#3306 = CARTESIAN_POINT('',(183.38675227416,-6.416846101944,
    18.94626589652));
#3307 = CARTESIAN_POINT('',(183.38675227416,-6.664129513174,
    18.860707631988));
#3308 = CARTESIAN_POINT('',(183.38675227416,-6.910079698943,
    18.771384969554));
#3309 = CARTESIAN_POINT('',(183.38675227416,-7.154627867161,
    18.678323056553));
#3310 = CARTESIAN_POINT('',(183.38675227416,-7.640743812647,
    18.484790064634));
#3311 = CARTESIAN_POINT('',(183.38675227416,-7.882312155519,
    18.384320172849));
#3312 = CARTESIAN_POINT('',(183.38675227416,-8.122342462729,
    18.280165726536));
#3313 = CARTESIAN_POINT('',(183.38675227416,-8.360767119719,
    18.172355037327));
#3314 = CARTESIAN_POINT('',(183.38675227416,-8.597519171592,
    18.060917977149));
#3315 = CARTESIAN_POINT('',(183.38675227416,-8.83253232311,
    17.945885978224));
#3316 = CARTESIAN_POINT('',(183.38675227416,-10.4644496096,
    17.116004506308));
#3317 = CARTESIAN_POINT('',(183.38675227416,-11.79850105467,
    16.276455847585));
#3318 = CARTESIAN_POINT('',(183.38675227416,-13.05324336094,
    15.315915155706));
#3319 = CARTESIAN_POINT('',(183.38675227416,-14.21568972801,
    14.243566799428));
#3320 = CARTESIAN_POINT('',(183.38675227416,-15.27423093206,
    13.070087269509));
#3321 = CARTESIAN_POINT('',(183.38675227416,-16.21863294108,
    11.807629550858));
#3322 = CARTESIAN_POINT('',(183.38675227416,-17.86681179201,
    9.12518045696));
#3323 = CARTESIAN_POINT('',(183.38675227416,-18.56951991063,
    7.703840261366));
#3324 = CARTESIAN_POINT('',(183.38675227416,-19.13976502991,
    6.220231748531));
#3325 = CARTESIAN_POINT('',(183.38675227416,-19.57123718692,
    4.689196518957));
#3326 = CARTESIAN_POINT('',(183.38675227416,-19.8595940355,
    3.126144712726));
#3327 = CARTESIAN_POINT('',(183.38675227416,-20.00246719409,
    1.547023021517));
#3328 = CARTESIAN_POINT('',(183.38675227416,-19.99751143551,
    -1.592133599224));
#3329 = CARTESIAN_POINT('',(183.38675227416,-19.85298457006,
    -3.152748157804));
#3330 = CARTESIAN_POINT('',(183.38675227416,-19.56633354766,
    -4.69739666254));
#3331 = CARTESIAN_POINT('',(183.38675227416,-19.13986518483,
    -6.210676589744));
#3332 = CARTESIAN_POINT('',(183.38675227416,-18.57777491088,
    -7.677699264816));
#3333 = CARTESIAN_POINT('',(183.38675227416,-17.8861409252,
    -9.084119545538));
#3334 = CARTESIAN_POINT('',(183.38675227416,-16.25583456614,
    -11.75636016979));
#3335 = CARTESIAN_POINT('',(183.38675227416,-15.31542496887,
    -13.02179163663));
#3336 = CARTESIAN_POINT('',(183.38675227416,-14.26059575551,
    -14.19860659834));
#3337 = CARTESIAN_POINT('',(183.38675227416,-13.1015420423,
    -15.27461998695));
#3338 = CARTESIAN_POINT('',(183.38675227416,-11.84983867537,
    -16.23911871888));
#3339 = CARTESIAN_POINT('',(183.38675227416,-10.51844280787,
    -17.08287709749));
#3340 = CARTESIAN_POINT('',(183.38675227416,-8.945354629365,
    -17.88910346657));
#3341 = CARTESIAN_POINT('',(183.38675227416,-8.767681118376,
    -17.97758115244));
#3342 = CARTESIAN_POINT('',(183.38675227416,-8.588991246224,
    -18.06399780303));
#3343 = CARTESIAN_POINT('',(183.38675227416,-8.409313835245,
    -18.14833944203));
#3344 = CARTESIAN_POINT('',(183.38675227416,-8.228677935059,
    -18.23059260654));
#3345 = CARTESIAN_POINT('',(183.38675227416,-8.047112822573,
    -18.31074434703));
#3346 = CARTESIAN_POINT('',(183.38675227416,-7.698751872098,
    -18.45973388963));
#3347 = CARTESIAN_POINT('',(183.38675227416,-7.532111995988,
    -18.52893816492));
#3348 = CARTESIAN_POINT('',(183.38675227416,-7.364750546196,
    -18.59638570811));
#3349 = CARTESIAN_POINT('',(183.38675227416,-7.196689821909,
    -18.66206753431));
#3350 = CARTESIAN_POINT('',(183.38675227416,-7.027952248949,
    -18.72597501878));
#3351 = CARTESIAN_POINT('',(183.38675227416,-6.858560379776,
    -18.78809989697));
#3352 = CARTESIAN_POINT('',(183.38675227416,-6.544001298338,
    -18.89972402404));
#3353 = CARTESIAN_POINT('',(183.38675227416,-6.399009253206,
    -18.94971986181));
#3354 = CARTESIAN_POINT('',(183.38675227416,-6.253574688304,
    -18.99841692285));
#3355 = CARTESIAN_POINT('',(183.38675227416,-6.107711586413,
    -19.04581054312));
#3356 = CARTESIAN_POINT('',(183.38675227416,-5.961433982885,
    -19.0918962495));
#3357 = CARTESIAN_POINT('',(183.38675227416,-5.814755965639,
    -19.1366697598));
#3358 = CARTESIAN_POINT('',(183.38675227416,-5.451394075222,
    -19.24404251928));
#3359 = CARTESIAN_POINT('',(183.38675227416,-5.234260878117,
    -19.30511071739));
#3360 = CARTESIAN_POINT('',(183.38675227416,-5.016337089209,
    -19.36331856066));
#3361 = CARTESIAN_POINT('',(183.38675227416,-4.797667890224,
    -19.41865393257));
#3362 = CARTESIAN_POINT('',(183.38675227416,-4.578298639261,
    -19.47110561649));
#3363 = CARTESIAN_POINT('',(183.38675227416,-4.358274870783,
    -19.52066329569));
#3364 = CARTESIAN_POINT('',(183.38675227416,-3.555056437791,
    -19.69050929281));
#3365 = CARTESIAN_POINT('',(183.38675227416,-2.968223626779,
    -19.79345772782));
#3366 = CARTESIAN_POINT('',(183.38675227416,-2.377988353317,
    -19.87598848347));
#3367 = CARTESIAN_POINT('',(183.38675227416,-1.78519751533,
    -19.93797263866));
#3368 = CARTESIAN_POINT('',(183.38675227416,-1.190700383028,
    -19.97932429616));
#3369 = CARTESIAN_POINT('',(183.38675227416,-0.595349139956,-20.));
#3370 = CARTESIAN_POINT('',(183.38675227416,-4.973799150321E-14,-20.));
#3371 = PCURVE('',#2071,#3372);
#3372 = DEFINITIONAL_REPRESENTATION('',(#3373),#3532);
#3373 = B_SPLINE_CURVE_WITH_KNOTS('',7,(#3374,#3375,#3376,#3377,#3378,
    #3379,#3380,#3381,#3382,#3383,#3384,#3385,#3386,#3387,#3388,#3389,
    #3390,#3391,#3392,#3393,#3394,#3395,#3396,#3397,#3398,#3399,#3400,
    #3401,#3402,#3403,#3404,#3405,#3406,#3407,#3408,#3409,#3410,#3411,
    #3412,#3413,#3414,#3415,#3416,#3417,#3418,#3419,#3420,#3421,#3422,
    #3423,#3424,#3425,#3426,#3427,#3428,#3429,#3430,#3431,#3432,#3433,
    #3434,#3435,#3436,#3437,#3438,#3439,#3440,#3441,#3442,#3443,#3444,
    #3445,#3446,#3447,#3448,#3449,#3450,#3451,#3452,#3453,#3454,#3455,
    #3456,#3457,#3458,#3459,#3460,#3461,#3462,#3463,#3464,#3465,#3466,
    #3467,#3468,#3469,#3470,#3471,#3472,#3473,#3474,#3475,#3476,#3477,
    #3478,#3479,#3480,#3481,#3482,#3483,#3484,#3485,#3486,#3487,#3488,
    #3489,#3490,#3491,#3492,#3493,#3494,#3495,#3496,#3497,#3498,#3499,
    #3500,#3501,#3502,#3503,#3504,#3505,#3506,#3507,#3508,#3509,#3510,
    #3511,#3512,#3513,#3514,#3515,#3516,#3517,#3518,#3519,#3520,#3521,
    #3522,#3523,#3524,#3525,#3526,#3527,#3528,#3529,#3530,#3531),
  .UNSPECIFIED.,.F.,.F.,(8,6,6,6,6,6,6,6,6,6,6,6,6,6,6,6,6,6,6,6,6,6,6,6
    ,6,6,8),(0.,3.36930070181E-02,4.626262832579E-02,6.033841516032E-02,
    7.491456847109E-02,0.162337547991,0.250250729717,0.337159418769,
    0.424582214942,0.435639721998,0.44569315378,0.454239495098,
    0.466809189001,0.49999978155,0.533190374099,0.545760068002,
    0.560338605455,0.5749147597,0.662337744817,0.750250932173,
    0.837159626791,0.924582428562,0.935639936326,0.945693368752,
    0.954239710618,0.966809405325,1.),.UNSPECIFIED.);
#3374 = CARTESIAN_POINT('',(-6.28318530718,183.38675227416));
#3375 = CARTESIAN_POINT('',(-6.252965473283,183.38675227416));
#3376 = CARTESIAN_POINT('',(-6.222747055971,183.38675227416));
#3377 = CARTESIAN_POINT('',(-6.192528700575,183.38675227416));
#3378 = CARTESIAN_POINT('',(-6.162309305565,183.38675227416));
#3379 = CARTESIAN_POINT('',(-6.132088165253,183.38675227416));
#3380 = CARTESIAN_POINT('',(-6.101865143332,183.38675227416));
#3381 = CARTESIAN_POINT('',(-6.060365315551,183.38675227416));
#3382 = CARTESIAN_POINT('',(-6.049089501045,183.38675227416));
#3383 = CARTESIAN_POINT('',(-6.037813424664,183.38675227416));
#3384 = CARTESIAN_POINT('',(-6.026537079331,183.38675227416));
#3385 = CARTESIAN_POINT('',(-6.015260459941,183.38675227416));
#3386 = CARTESIAN_POINT('',(-6.003983563367,183.38675227416));
#3387 = CARTESIAN_POINT('',(-5.980077916503,183.38675227416));
#3388 = CARTESIAN_POINT('',(-5.967449094247,183.38675227416));
#3389 = CARTESIAN_POINT('',(-5.954819920389,183.38675227416));
#3390 = CARTESIAN_POINT('',(-5.94219039586,183.38675227416));
#3391 = CARTESIAN_POINT('',(-5.929560523822,183.38675227416));
#3392 = CARTESIAN_POINT('',(-5.916930309667,183.38675227416));
#3393 = CARTESIAN_POINT('',(-5.891220221261,183.38675227416));
#3394 = CARTESIAN_POINT('',(-5.87814032106,183.38675227416));
#3395 = CARTESIAN_POINT('',(-5.865060068899,183.38675227416));
#3396 = CARTESIAN_POINT('',(-5.851979474512,183.38675227416));
#3397 = CARTESIAN_POINT('',(-5.838898548878,183.38675227416));
#3398 = CARTESIAN_POINT('',(-5.825817304225,183.38675227416));
#3399 = CARTESIAN_POINT('',(-5.734276913039,183.38675227416));
#3400 = CARTESIAN_POINT('',(-5.655792769928,183.38675227416));
#3401 = CARTESIAN_POINT('',(-5.577312249079,183.38675227416));
#3402 = CARTESIAN_POINT('',(-5.498831121293,183.38675227416));
#3403 = CARTESIAN_POINT('',(-5.420342199587,183.38675227416));
#3404 = CARTESIAN_POINT('',(-5.341840088431,183.38675227416));
#3405 = CARTESIAN_POINT('',(-5.184423232075,183.38675227416));
#3406 = CARTESIAN_POINT('',(-5.105479262756,183.38675227416));
#3407 = CARTESIAN_POINT('',(-5.026545550541,183.38675227416));
#3408 = CARTESIAN_POINT('',(-4.947618498298,183.38675227416));
#3409 = CARTESIAN_POINT('',(-4.868684670974,183.38675227416));
#3410 = CARTESIAN_POINT('',(-4.789740229162,183.38675227416));
#3411 = CARTESIAN_POINT('',(-4.632782202535,183.38675227416));
#3412 = CARTESIAN_POINT('',(-4.554740410114,183.38675227416));
#3413 = CARTESIAN_POINT('',(-4.476708647496,183.38675227416));
#3414 = CARTESIAN_POINT('',(-4.398683287996,183.38675227416));
#3415 = CARTESIAN_POINT('',(-4.32065163961,183.38675227416));
#3416 = CARTESIAN_POINT('',(-4.242610308182,183.38675227416));
#3417 = CARTESIAN_POINT('',(-4.086095382549,183.38675227416));
#3418 = CARTESIAN_POINT('',(-4.007593390807,183.38675227416));
#3419 = CARTESIAN_POINT('',(-3.929104554492,183.38675227416));
#3420 = CARTESIAN_POINT('',(-3.850623460492,183.38675227416));
#3421 = CARTESIAN_POINT('',(-3.772142902796,183.38675227416));
#3422 = CARTESIAN_POINT('',(-3.693658636606,183.38675227416));
#3423 = CARTESIAN_POINT('',(-3.60527584168,183.38675227416));
#3424 = CARTESIAN_POINT('',(-3.595352271946,183.38675227416));
#3425 = CARTESIAN_POINT('',(-3.585428882857,183.38675227416));
#3426 = CARTESIAN_POINT('',(-3.575505679835,183.38675227416));
#3427 = CARTESIAN_POINT('',(-3.565582667953,183.38675227416));
#3428 = CARTESIAN_POINT('',(-3.555659851936,183.38675227416));
#3429 = CARTESIAN_POINT('',(-3.536715642028,183.38675227416));
#3430 = CARTESIAN_POINT('',(-3.527694213087,183.38675227416));
#3431 = CARTESIAN_POINT('',(-3.518672952615,183.38675227416));
#3432 = CARTESIAN_POINT('',(-3.509651863439,183.38675227416));
#3433 = CARTESIAN_POINT('',(-3.500630947929,183.38675227416));
#3434 = CARTESIAN_POINT('',(-3.491610208006,183.38675227416));
#3435 = CARTESIAN_POINT('',(-3.474921337353,183.38675227416));
#3436 = CARTESIAN_POINT('',(-3.467253157349,183.38675227416));
#3437 = CARTESIAN_POINT('',(-3.459585105998,183.38675227416));
#3438 = CARTESIAN_POINT('',(-3.451917183836,183.38675227416));
#3439 = CARTESIAN_POINT('',(-3.44424939106,183.38675227416));
#3440 = CARTESIAN_POINT('',(-3.436581727529,183.38675227416));
#3441 = CARTESIAN_POINT('',(-3.417637020294,183.38675227416));
#3442 = CARTESIAN_POINT('',(-3.406360125858,183.38675227416));
#3443 = CARTESIAN_POINT('',(-3.395083508009,183.38675227416));
#3444 = CARTESIAN_POINT('',(-3.383807163314,183.38675227416));
#3445 = CARTESIAN_POINT('',(-3.37253108635,183.38675227416));
#3446 = CARTESIAN_POINT('',(-3.361255269705,183.38675227416));
#3447 = CARTESIAN_POINT('',(-3.320206289394,183.38675227416));
#3448 = CARTESIAN_POINT('',(-3.290434520343,183.38675227416));
#3449 = CARTESIAN_POINT('',(-3.260664401377,183.38675227416));
#3450 = CARTESIAN_POINT('',(-3.230895612645,183.38675227416));
#3451 = CARTESIAN_POINT('',(-3.201127672397,183.38675227416));
#3452 = CARTESIAN_POINT('',(-3.171360110588,183.38675227416));
#3453 = CARTESIAN_POINT('',(-3.111825196592,183.38675227416));
#3454 = CARTESIAN_POINT('',(-3.082057634783,183.38675227416));
#3455 = CARTESIAN_POINT('',(-3.052289694534,183.38675227416));
#3456 = CARTESIAN_POINT('',(-3.022520905802,183.38675227416));
#3457 = CARTESIAN_POINT('',(-2.992750786836,183.38675227416));
#3458 = CARTESIAN_POINT('',(-2.962979017786,183.38675227416));
#3459 = CARTESIAN_POINT('',(-2.921930037475,183.38675227416));
#3460 = CARTESIAN_POINT('',(-2.91065422083,183.38675227416));
#3461 = CARTESIAN_POINT('',(-2.899378143866,183.38675227416));
#3462 = CARTESIAN_POINT('',(-2.88810179917,183.38675227416));
#3463 = CARTESIAN_POINT('',(-2.876825181321,183.38675227416));
#3464 = CARTESIAN_POINT('',(-2.865548286885,183.38675227416));
#3465 = CARTESIAN_POINT('',(-2.841191664555,183.38675227416));
#3466 = CARTESIAN_POINT('',(-2.828111839245,183.38675227416));
#3467 = CARTESIAN_POINT('',(-2.815031636653,183.38675227416));
#3468 = CARTESIAN_POINT('',(-2.801951057537,183.38675227416));
#3469 = CARTESIAN_POINT('',(-2.78887010524,183.38675227416));
#3470 = CARTESIAN_POINT('',(-2.775788785696,183.38675227416));
#3471 = CARTESIAN_POINT('',(-2.749627567671,183.38675227416));
#3472 = CARTESIAN_POINT('',(-2.73654766747,183.38675227416));
#3473 = CARTESIAN_POINT('',(-2.72346741531,183.38675227416));
#3474 = CARTESIAN_POINT('',(-2.710386820922,183.38675227416));
#3475 = CARTESIAN_POINT('',(-2.697305895288,183.38675227416));
#3476 = CARTESIAN_POINT('',(-2.684224650635,183.38675227416));
#3477 = CARTESIAN_POINT('',(-2.592684259449,183.38675227416));
#3478 = CARTESIAN_POINT('',(-2.514200116337,183.38675227416));
#3479 = CARTESIAN_POINT('',(-2.435719595491,183.38675227416));
#3480 = CARTESIAN_POINT('',(-2.357238467702,183.38675227416));
#3481 = CARTESIAN_POINT('',(-2.278749545998,183.38675227416));
#3482 = CARTESIAN_POINT('',(-2.200247434841,183.38675227416));
#3483 = CARTESIAN_POINT('',(-2.042830578485,183.38675227416));
#3484 = CARTESIAN_POINT('',(-1.963886609166,183.38675227416));
#3485 = CARTESIAN_POINT('',(-1.884952896951,183.38675227416));
#3486 = CARTESIAN_POINT('',(-1.806025844708,183.38675227416));
#3487 = CARTESIAN_POINT('',(-1.727092017384,183.38675227416));
#3488 = CARTESIAN_POINT('',(-1.648147575572,183.38675227416));
#3489 = CARTESIAN_POINT('',(-1.491189548945,183.38675227416));
#3490 = CARTESIAN_POINT('',(-1.413147756525,183.38675227416));
#3491 = CARTESIAN_POINT('',(-1.335115993906,183.38675227416));
#3492 = CARTESIAN_POINT('',(-1.257090634406,183.38675227416));
#3493 = CARTESIAN_POINT('',(-1.17905898602,183.38675227416));
#3494 = CARTESIAN_POINT('',(-1.101017654592,183.38675227416));
#3495 = CARTESIAN_POINT('',(-0.944502728959,183.38675227416));
#3496 = CARTESIAN_POINT('',(-0.866000737218,183.38675227416));
#3497 = CARTESIAN_POINT('',(-0.787511900902,183.38675227416));
#3498 = CARTESIAN_POINT('',(-0.709030806902,183.38675227416));
#3499 = CARTESIAN_POINT('',(-0.630550249206,183.38675227416));
#3500 = CARTESIAN_POINT('',(-0.552065983017,183.38675227416));
#3501 = CARTESIAN_POINT('',(-0.463683188091,183.38675227416));
#3502 = CARTESIAN_POINT('',(-0.453759618356,183.38675227416));
#3503 = CARTESIAN_POINT('',(-0.443836229267,183.38675227416));
#3504 = CARTESIAN_POINT('',(-0.433913026245,183.38675227416));
#3505 = CARTESIAN_POINT('',(-0.423990014363,183.38675227416));
#3506 = CARTESIAN_POINT('',(-0.414067198346,183.38675227416));
#3507 = CARTESIAN_POINT('',(-0.395122988438,183.38675227416));
#3508 = CARTESIAN_POINT('',(-0.386101559497,183.38675227416));
#3509 = CARTESIAN_POINT('',(-0.377080299026,183.38675227416));
#3510 = CARTESIAN_POINT('',(-0.368059209849,183.38675227416));
#3511 = CARTESIAN_POINT('',(-0.359038294339,183.38675227416));
#3512 = CARTESIAN_POINT('',(-0.350017554416,183.38675227416));
#3513 = CARTESIAN_POINT('',(-0.333328683764,183.38675227416));
#3514 = CARTESIAN_POINT('',(-0.325660503759,183.38675227416));
#3515 = CARTESIAN_POINT('',(-0.317992452408,183.38675227416));
#3516 = CARTESIAN_POINT('',(-0.310324530246,183.38675227416));
#3517 = CARTESIAN_POINT('',(-0.302656737471,183.38675227416));
#3518 = CARTESIAN_POINT('',(-0.29498907394,183.38675227416));
#3519 = CARTESIAN_POINT('',(-0.276044366705,183.38675227416));
#3520 = CARTESIAN_POINT('',(-0.264767472268,183.38675227416));
#3521 = CARTESIAN_POINT('',(-0.253490854419,183.38675227416));
#3522 = CARTESIAN_POINT('',(-0.242214509724,183.38675227416));
#3523 = CARTESIAN_POINT('',(-0.23093843276,183.38675227416));
#3524 = CARTESIAN_POINT('',(-0.219662616115,183.38675227416));
#3525 = CARTESIAN_POINT('',(-0.178613635804,183.38675227416));
#3526 = CARTESIAN_POINT('',(-0.148841866753,183.38675227416));
#3527 = CARTESIAN_POINT('',(-0.119071747787,183.38675227416));
#3528 = CARTESIAN_POINT('',(-8.930295905532E-02,183.38675227416));
#3529 = CARTESIAN_POINT('',(-5.953501880708E-02,183.38675227416));
#3530 = CARTESIAN_POINT('',(-2.976745699778E-02,183.38675227416));
#3531 = CARTESIAN_POINT('',(0.,183.38675227416));
#3532 = ( GEOMETRIC_REPRESENTATION_CONTEXT(2) 
PARAMETRIC_REPRESENTATION_CONTEXT() REPRESENTATION_CONTEXT('2D SPACE',''
  ) );
#3533 = PCURVE('',#3534,#3539);
#3534 = SPHERICAL_SURFACE('',#3535,26.);
#3535 = AXIS2_PLACEMENT_3D('',#3536,#3537,#3538);
#3536 = CARTESIAN_POINT('',(200.,-2.449293598295E-14,0.));
#3537 = DIRECTION('',(0.,0.,1.));
#3538 = DIRECTION('',(1.,0.,0.));
#3539 = DEFINITIONAL_REPRESENTATION('',(#3540),#3699);
#3540 = B_SPLINE_CURVE_WITH_KNOTS('',7,(#3541,#3542,#3543,#3544,#3545,
    #3546,#3547,#3548,#3549,#3550,#3551,#3552,#3553,#3554,#3555,#3556,
    #3557,#3558,#3559,#3560,#3561,#3562,#3563,#3564,#3565,#3566,#3567,
    #3568,#3569,#3570,#3571,#3572,#3573,#3574,#3575,#3576,#3577,#3578,
    #3579,#3580,#3581,#3582,#3583,#3584,#3585,#3586,#3587,#3588,#3589,
    #3590,#3591,#3592,#3593,#3594,#3595,#3596,#3597,#3598,#3599,#3600,
    #3601,#3602,#3603,#3604,#3605,#3606,#3607,#3608,#3609,#3610,#3611,
    #3612,#3613,#3614,#3615,#3616,#3617,#3618,#3619,#3620,#3621,#3622,
    #3623,#3624,#3625,#3626,#3627,#3628,#3629,#3630,#3631,#3632,#3633,
    #3634,#3635,#3636,#3637,#3638,#3639,#3640,#3641,#3642,#3643,#3644,
    #3645,#3646,#3647,#3648,#3649,#3650,#3651,#3652,#3653,#3654,#3655,
    #3656,#3657,#3658,#3659,#3660,#3661,#3662,#3663,#3664,#3665,#3666,
    #3667,#3668,#3669,#3670,#3671,#3672,#3673,#3674,#3675,#3676,#3677,
    #3678,#3679,#3680,#3681,#3682,#3683,#3684,#3685,#3686,#3687,#3688,
    #3689,#3690,#3691,#3692,#3693,#3694,#3695,#3696,#3697,#3698),
  .UNSPECIFIED.,.F.,.F.,(8,6,6,6,6,6,6,6,6,6,6,6,6,6,6,6,6,6,6,6,6,6,6,6
    ,6,6,8),(0.,3.36930070181E-02,4.626262832579E-02,6.033841516032E-02,
    7.491456847109E-02,0.162337547991,0.250250729717,0.337159418769,
    0.424582214942,0.435639721998,0.44569315378,0.454239495098,
    0.466809189001,0.49999978155,0.533190374099,0.545760068002,
    0.560338605455,0.5749147597,0.662337744817,0.750250932173,
    0.837159626791,0.924582428562,0.935639936326,0.945693368752,
    0.954239710618,0.966809405325,1.),.UNSPECIFIED.);
#3541 = CARTESIAN_POINT('',(3.14159265359,-0.877636419218));
#3542 = CARTESIAN_POINT('',(3.105212248752,-0.877636419218));
#3543 = CARTESIAN_POINT('',(3.068833603643,-0.876353788377));
#3544 = CARTESIAN_POINT('',(3.03266634243,-0.873788670645));
#3545 = CARTESIAN_POINT('',(2.996921362298,-0.869956440252));
#3546 = CARTESIAN_POINT('',(2.961792010356,-0.864887260323));
#3547 = CARTESIAN_POINT('',(2.927442639033,-0.858623756631));
#3548 = CARTESIAN_POINT('',(2.88153001544,-0.848453545923));
#3549 = CARTESIAN_POINT('',(2.869182234534,-0.845531113796));
#3550 = CARTESIAN_POINT('',(2.85696798379,-0.842452173785));
#3551 = CARTESIAN_POINT('',(2.844893398384,-0.839219507476));
#3552 = CARTESIAN_POINT('',(2.832963962125,-0.83583601438));
#3553 = CARTESIAN_POINT('',(2.82118450746,-0.832304711929));
#3554 = CARTESIAN_POINT('',(2.796540913009,-0.824512282034));
#3555 = CARTESIAN_POINT('',(2.783715964371,-0.820214368745));
#3556 = CARTESIAN_POINT('',(2.771090183523,-0.815739402696));
#3557 = CARTESIAN_POINT('',(2.758668464893,-0.81109185163));
#3558 = CARTESIAN_POINT('',(2.746454783365,-0.806276243945));
#3559 = CARTESIAN_POINT('',(2.734452194285,-0.801297168693));
#3560 = CARTESIAN_POINT('',(2.710454384083,-0.790838740507));
#3561 = CARTESIAN_POINT('',(2.698474677754,-0.785347858292));
#3562 = CARTESIAN_POINT('',(2.686726055051,-0.77969178119));
#3563 = CARTESIAN_POINT('',(2.675210073487,-0.773875616025));
#3564 = CARTESIAN_POINT('',(2.6639275075,-0.7679044242));
#3565 = CARTESIAN_POINT('',(2.652878348456,-0.761783221691));
#3566 = CARTESIAN_POINT('',(2.577187727953,-0.717934114069));
#3567 = CARTESIAN_POINT('',(2.520670893399,-0.675126169968));
#3568 = CARTESIAN_POINT('',(2.472398198891,-0.628169411674));
#3569 = CARTESIAN_POINT('',(2.431376210391,-0.578013900186));
#3570 = CARTESIAN_POINT('',(2.3966993913,-0.525330686338));
#3571 = CARTESIAN_POINT('',(2.367607094828,-0.470662388937));
#3572 = CARTESIAN_POINT('',(2.319261807654,-0.357948062004));
#3573 = CARTESIAN_POINT('',(2.300056543792,-0.299864032728));
#3574 = CARTESIAN_POINT('',(2.285281722194,-0.240671172632));
#3575 = CARTESIAN_POINT('',(2.274492164079,-0.180704285273));
#3576 = CARTESIAN_POINT('',(2.267406410707,-0.120230993792));
#3577 = CARTESIAN_POINT('',(2.263895600988,-5.950092991334E-02));
#3578 = CARTESIAN_POINT('',(2.26401739295,6.123595221805E-02));
#3579 = CARTESIAN_POINT('',(2.267568876614,0.12126454543));
#3580 = CARTESIAN_POINT('',(2.274616957363,0.181038231568));
#3581 = CARTESIAN_POINT('',(2.285287986389,0.240315350964));
#3582 = CARTESIAN_POINT('',(2.299853954694,0.298836751617));
#3583 = CARTESIAN_POINT('',(2.318743047058,0.356279343025));
#3584 = CARTESIAN_POINT('',(2.366469302369,0.46845338272));
#3585 = CARTESIAN_POINT('',(2.395372763236,0.523187005834));
#3586 = CARTESIAN_POINT('',(2.429839660182,0.575950453004));
#3587 = CARTESIAN_POINT('',(2.470627631354,0.626204408975));
#3588 = CARTESIAN_POINT('',(2.518639172056,0.673281945284));
#3589 = CARTESIAN_POINT('',(2.574871605216,0.716238699298));
#3590 = CARTESIAN_POINT('',(2.647625876003,0.758777225608));
#3591 = CARTESIAN_POINT('',(2.655928638793,0.763470527747));
#3592 = CARTESIAN_POINT('',(2.664365572679,0.768078688823));
#3593 = CARTESIAN_POINT('',(2.672936794468,0.77259953152));
#3594 = CARTESIAN_POINT('',(2.681642177538,0.777030858793));
#3595 = CARTESIAN_POINT('',(2.690481351843,0.781370453876));
#3596 = CARTESIAN_POINT('',(2.707611322894,0.789476183205));
#3597 = CARTESIAN_POINT('',(2.71587901347,0.793258614488));
#3598 = CARTESIAN_POINT('',(2.724256309048,0.796961692654));
#3599 = CARTESIAN_POINT('',(2.732742527413,0.800583739626));
#3600 = CARTESIAN_POINT('',(2.741336770727,0.804123080724));
#3601 = CARTESIAN_POINT('',(2.750037925531,0.807578044661));
#3602 = CARTESIAN_POINT('',(2.766331199057,0.813810854334));
#3603 = CARTESIAN_POINT('',(2.773894027856,0.816612568218));
#3604 = CARTESIAN_POINT('',(2.78153232786,0.819351081301));
#3605 = CARTESIAN_POINT('',(2.789245147099,0.822025381732));
#3606 = CARTESIAN_POINT('',(2.797031402911,0.824634469713));
#3607 = CARTESIAN_POINT('',(2.804889881943,0.827177357497));
#3608 = CARTESIAN_POINT('',(2.824481494418,0.833294269698));
#3609 = CARTESIAN_POINT('',(2.836297065919,0.836790175019));
#3610 = CARTESIAN_POINT('',(2.848261669732,0.840137662628));
#3611 = CARTESIAN_POINT('',(2.860370369404,0.843333730949));
#3612 = CARTESIAN_POINT('',(2.872617576951,0.846375499554));
#3613 = CARTESIAN_POINT('',(2.884997052863,0.849260209163));
#3614 = CARTESIAN_POINT('',(2.930521285232,0.859180685555));
#3615 = CARTESIAN_POINT('',(2.964414932493,0.865262787535));
#3616 = CARTESIAN_POINT('',(2.999056073573,0.87018357088));
#3617 = CARTESIAN_POINT('',(3.034286598505,0.873902782928));
#3618 = CARTESIAN_POINT('',(3.069920958887,0.876391899904));
#3619 = CARTESIAN_POINT('',(3.105756846541,0.877636419218));
#3620 = CARTESIAN_POINT('',(3.177428460639,0.877636419218));
#3621 = CARTESIAN_POINT('',(3.213264348293,0.876391899904));
#3622 = CARTESIAN_POINT('',(3.248898708675,0.873902782928));
#3623 = CARTESIAN_POINT('',(3.284129233606,0.87018357088));
#3624 = CARTESIAN_POINT('',(3.318770374687,0.865262787535));
#3625 = CARTESIAN_POINT('',(3.352664021948,0.859180685555));
#3626 = CARTESIAN_POINT('',(3.398188254317,0.849260209163));
#3627 = CARTESIAN_POINT('',(3.410567730228,0.846375499554));
#3628 = CARTESIAN_POINT('',(3.422814937776,0.843333730949));
#3629 = CARTESIAN_POINT('',(3.434923637448,0.840137662628));
#3630 = CARTESIAN_POINT('',(3.44688824126,0.836790175019));
#3631 = CARTESIAN_POINT('',(3.458703812762,0.833294269698));
#3632 = CARTESIAN_POINT('',(3.483892141088,0.82542994546));
#3633 = CARTESIAN_POINT('',(3.497211940322,0.82101133194));
#3634 = CARTESIAN_POINT('',(3.510318850331,0.816402109544));
#3635 = CARTESIAN_POINT('',(3.523207318532,0.811607231277));
#3636 = CARTESIAN_POINT('',(3.53587285416,0.806631722428));
#3637 = CARTESIAN_POINT('',(3.548312028268,0.801480680576));
#3638 = CARTESIAN_POINT('',(3.572730923097,0.790838740507));
#3639 = CARTESIAN_POINT('',(3.584710629426,0.785347858292));
#3640 = CARTESIAN_POINT('',(3.596459252129,0.77969178119));
#3641 = CARTESIAN_POINT('',(3.607975233693,0.773875616025));
#3642 = CARTESIAN_POINT('',(3.61925779968,0.7679044242));
#3643 = CARTESIAN_POINT('',(3.630306958723,0.76178322169));
#3644 = CARTESIAN_POINT('',(3.705997579226,0.71793411407));
#3645 = CARTESIAN_POINT('',(3.762514413782,0.675126169967));
#3646 = CARTESIAN_POINT('',(3.810787108287,0.628169411675));
#3647 = CARTESIAN_POINT('',(3.851809096789,0.578013900185));
#3648 = CARTESIAN_POINT('',(3.886485915879,0.525330686339));
#3649 = CARTESIAN_POINT('',(3.915578212351,0.470662388937));
#3650 = CARTESIAN_POINT('',(3.963923499526,0.357948062004));
#3651 = CARTESIAN_POINT('',(3.983128763387,0.299864032728));
#3652 = CARTESIAN_POINT('',(3.997903584985,0.240671172632));
#3653 = CARTESIAN_POINT('',(4.0086931431,0.180704285273));
#3654 = CARTESIAN_POINT('',(4.015778896473,0.120230993792));
#3655 = CARTESIAN_POINT('',(4.019289706192,5.950092991323E-02));
#3656 = CARTESIAN_POINT('',(4.01916791423,-6.123595221814E-02));
#3657 = CARTESIAN_POINT('',(4.015616430566,-0.12126454543));
#3658 = CARTESIAN_POINT('',(4.008568349817,-0.181038231568));
#3659 = CARTESIAN_POINT('',(3.99789732079,-0.240315350964));
#3660 = CARTESIAN_POINT('',(3.983331352485,-0.298836751617));
#3661 = CARTESIAN_POINT('',(3.964442260121,-0.356279343025));
#3662 = CARTESIAN_POINT('',(3.91671600481,-0.46845338272));
#3663 = CARTESIAN_POINT('',(3.887812543944,-0.523187005834));
#3664 = CARTESIAN_POINT('',(3.853345646997,-0.575950453004));
#3665 = CARTESIAN_POINT('',(3.812557675826,-0.626204408975));
#3666 = CARTESIAN_POINT('',(3.764546135123,-0.673281945284));
#3667 = CARTESIAN_POINT('',(3.708313701964,-0.716238699298));
#3668 = CARTESIAN_POINT('',(3.635559431176,-0.758777225608));
#3669 = CARTESIAN_POINT('',(3.627256668387,-0.763470527747));
#3670 = CARTESIAN_POINT('',(3.6188197345,-0.768078688823));
#3671 = CARTESIAN_POINT('',(3.610248512712,-0.77259953152));
#3672 = CARTESIAN_POINT('',(3.601543129642,-0.777030858793));
#3673 = CARTESIAN_POINT('',(3.592703955337,-0.781370453876));
#3674 = CARTESIAN_POINT('',(3.575573984286,-0.789476183206));
#3675 = CARTESIAN_POINT('',(3.567306293709,-0.793258614489));
#3676 = CARTESIAN_POINT('',(3.558928998131,-0.796961692654));
#3677 = CARTESIAN_POINT('',(3.550442779766,-0.800583739626));
#3678 = CARTESIAN_POINT('',(3.541848536452,-0.804123080724));
#3679 = CARTESIAN_POINT('',(3.533147381649,-0.807578044661));
#3680 = CARTESIAN_POINT('',(3.516854108122,-0.813810854334));
#3681 = CARTESIAN_POINT('',(3.509291279324,-0.816612568218));
#3682 = CARTESIAN_POINT('',(3.50165297932,-0.819351081301));
#3683 = CARTESIAN_POINT('',(3.493940160081,-0.822025381732));
#3684 = CARTESIAN_POINT('',(3.486153904268,-0.824634469713));
#3685 = CARTESIAN_POINT('',(3.478295425236,-0.827177357498));
#3686 = CARTESIAN_POINT('',(3.458703812762,-0.833294269698));
#3687 = CARTESIAN_POINT('',(3.44688824126,-0.836790175019));
#3688 = CARTESIAN_POINT('',(3.434923637447,-0.840137662628));
#3689 = CARTESIAN_POINT('',(3.422814937776,-0.843333730949));
#3690 = CARTESIAN_POINT('',(3.410567730228,-0.846375499554));
#3691 = CARTESIAN_POINT('',(3.398188254316,-0.849260209163));
#3692 = CARTESIAN_POINT('',(3.352664021948,-0.859180685555));
#3693 = CARTESIAN_POINT('',(3.318770374687,-0.865262787535));
#3694 = CARTESIAN_POINT('',(3.284129233606,-0.87018357088));
#3695 = CARTESIAN_POINT('',(3.248898708675,-0.873902782928));
#3696 = CARTESIAN_POINT('',(3.213264348292,-0.876391899904));
#3697 = CARTESIAN_POINT('',(3.177428460639,-0.877636419218));
#3698 = CARTESIAN_POINT('',(3.14159265359,-0.877636419218));
#3699 = ( GEOMETRIC_REPRESENTATION_CONTEXT(2) 
PARAMETRIC_REPRESENTATION_CONTEXT() REPRESENTATION_CONTEXT('2D SPACE',''
  ) );
#3700 = ADVANCED_FACE('',(#3701,#3705),#2997,.T.);
#3701 = FACE_BOUND('',#3702,.T.);
#3702 = VERTEX_LOOP('',#3703);
#3703 = VERTEX_POINT('',#3704);
#3704 = CARTESIAN_POINT('',(100.,173.20508075688,26.));
#3705 = FACE_BOUND('',#3706,.T.);
#3706 = EDGE_LOOP('',(#3707));
#3707 = ORIENTED_EDGE('',*,*,#2673,.T.);
#3708 = ADVANCED_FACE('',(#3709,#3713),#3534,.T.);
#3709 = FACE_BOUND('',#3710,.T.);
#3710 = VERTEX_LOOP('',#3711);
#3711 = VERTEX_POINT('',#3712);
#3712 = CARTESIAN_POINT('',(200.,-2.449293598295E-14,26.));
#3713 = FACE_BOUND('',#3714,.T.);
#3714 = EDGE_LOOP('',(#3715));
#3715 = ORIENTED_EDGE('',*,*,#3210,.T.);
#3716 = ( GEOMETRIC_REPRESENTATION_CONTEXT(3) 
GLOBAL_UNCERTAINTY_ASSIGNED_CONTEXT((#3720)) 
GLOBAL_UNIT_ASSIGNED_CONTEXT((#3717,#3718,#3719)) REPRESENTATION_CONTEXT
('Context #1','3D Context with UNIT and UNCERTAINTY') );
#3717 = ( LENGTH_UNIT() NAMED_UNIT(*) SI_UNIT(.MILLI.,.METRE.) );
#3718 = ( NAMED_UNIT(*) PLANE_ANGLE_UNIT() SI_UNIT($,.RADIAN.) );
#3719 = ( NAMED_UNIT(*) SI_UNIT($,.STERADIAN.) SOLID_ANGLE_UNIT() );
#3720 = UNCERTAINTY_MEASURE_WITH_UNIT(LENGTH_MEASURE(5.E-07),#3717,
  'distance_accuracy_value','confusion accuracy');
#3721 = CONTEXT_DEPENDENT_SHAPE_REPRESENTATION(#3722,#3724);
#3722 = ( REPRESENTATION_RELATIONSHIP('','',#337,#10) 
REPRESENTATION_RELATIONSHIP_WITH_TRANSFORMATION(#3723) 
SHAPE_REPRESENTATION_RELATIONSHIP() );
#3723 = ITEM_DEFINED_TRANSFORMATION('','',#11,#19);
#3724 = PRODUCT_DEFINITION_SHAPE('Placement','Placement of an item',
  #3725);
#3725 = NEXT_ASSEMBLY_USAGE_OCCURRENCE('2','wheel_6_spoke','',#5,#332,$
  );
#3726 = PRODUCT_RELATED_PRODUCT_CATEGORY('part',$,(#334));
#3727 = MECHANICAL_DESIGN_GEOMETRIC_PRESENTATION_REPRESENTATION('',(
    #3728),#3716);
#3728 = STYLED_ITEM('color',(#3729),#338);
#3729 = PRESENTATION_STYLE_ASSIGNMENT((#3730));
#3730 = SURFACE_STYLE_USAGE(.BOTH.,#3731);
#3731 = SURFACE_SIDE_STYLE('',(#3732));
#3732 = SURFACE_STYLE_FILL_AREA(#3733);
#3733 = FILL_AREA_STYLE('',(#3734));
#3734 = FILL_AREA_STYLE_COLOUR('',#3735);
#3735 = COLOUR_RGB('',0.819999987296,0.1599999992,0.120000001395);
#3736 = MECHANICAL_DESIGN_GEOMETRIC_PRESENTATION_REPRESENTATION('',(
    #3737),#319);
#3737 = STYLED_ITEM('color',(#3738),#37);
#3738 = PRESENTATION_STYLE_ASSIGNMENT((#3739));
#3739 = SURFACE_STYLE_USAGE(.BOTH.,#3740);
#3740 = SURFACE_SIDE_STYLE('',(#3741));
#3741 = SURFACE_STYLE_FILL_AREA(#3742);
#3742 = FILL_AREA_STYLE('',(#3743));
#3743 = FILL_AREA_STYLE_COLOUR('',#3744);
#3744 = COLOUR_RGB('',0.299999996101,0.299999996101,0.319999999843);
ENDSEC;
END-ISO-10303-21;
